Accession,Tip_short,Foraging,EFB,Variant,Region,Country,Year,Source
AF150629.1,"ABPV, complete genome [AF150629.1]",,,ABPV,Africa,South Africa,2000,NCBI
AF486073.2,"ABPV isolate Poland 1, complete genome [AF486073.2]",,,ABPV,Europe,Poland,2002,NCBI
AY275710.1,"Kashmir bee virus, complete genome [AY275710.1]",,,ABPV,North America,USA,2016,NCBI
MN510868.1,"ABPV strain ABPV CR-026, complete genome [MN510868.1]",,,ABPV,Africa,Zimbabwe,2017,NCBI
MZ821785.1,"ABPV isolate ABPV_No15_Mi020-JL2018-10, complete genome [MZ821785.1]",,,ABPV,Asia,China,2018,NCBI
OP628240.1,"MAG: ABPV isolate B16, complete genome [OP628240.1]",,,ABPV,South America,Brasil,2016,NCBI
AF183905.1,"BQCV, complete cds [AF183905.1]",,,BQCV,Africa,South Africa,2000,NCBI
EF517505.1,"BQCV strain AUSTRIA-5, partial cds [EF517505.1]",,,BQCV,Europe,Hungary,2009,NCBI
EF517519.1,"BQCV strain POLAND-4, complete cds [EF517519.1]",,,BQCV,Europe,Poland,2009,NCBI
JX149531.1,"BQCV strain AY, complete cds [JX149531.1]",,,BQCV,Asia,Korea,2013,NCBI
KJ738331.1,"UNVERIFIED: BQCV, complete cds [KJ738331.1]",,,BQCV,Asia,China,2013,NCBI
KY243932.1,"BQCV strain PP, complete genome [KY243932.1]",,,BQCV,Europe,Czech Republic,2017,NCBI
KY465682.1,"BQCV strain VN2, complete cds [KY465682.1]",,,BQCV,Oceania,Australia,2014,NCBI
MF623171.1,"BQCV isolate Sydney, complete cds [MF623171.1]",,,BQCV,Oceania,Australia,2015,NCBI
MG799370.1,"BQCV isolate KM-1, complete cds [MG799370.1]",,,BQCV,Asia,China,2013,NCBI
MT096521.1,"MAG: BQCV isolate FTA1-7, complete genome [MT096521.1]",,,BQCV,Europe,Spain,2015,NCBI
MT482475.1,"BQCV isolate BQCV/PNG-2014, complete genome [MT482475.1]",,,BQCV,Oceania,Papua New Guinea,2014,NCBI
MW397638.1,"BQCV isolate BQCV/Israel/2018, partial cds [MW397638.1]",,,BQCV,Middle East,Israel,2018,NCBI
MZ821802.1,"BQCV isolate BQCV_No3_Acc010-HN2019, complete genome [MZ821802.1]",,,BQCV,Asia,China,2019,NCBI
MZ821813.1,"BQCV isolate BQCV_No14_Am046-NMG2019, complete genome [MZ821813.1]",,,BQCV,Asia,China,2019,NCBI
OL803818.1,"BQCV strain BQCV4B, complete cds [OL803818.1]",,,BQCV,Europe,Czech Republic,2018,NCBI
ON648737.1,"MAG: BQCV isolate BQCV 377/2020, complete genome [ON648737.1]",,,BQCV,Europe,Slovenia,2020,NCBI
OP168888.1,BQCV strain Canada sequence [OP168888.1],,,BQCV,North America,Canada,2020,NCBI
OP628244.1,"MAG: BQCV isolate B16, complete cds [OP628244.1]",,,BQCV,South America,Brasil,2016,NCBI
OR597291.1,"Cripavirus sp. isolate BQCV_ARG_ER308, complete genome [OR597291.1]",,,BQCV,South America,Argentina,2018,NCBI
ON648737.1,"MAG: BQCV isolate BQCV 377/2020, complete genome [ON648737.1]",,,BQCV,Europe,Slovenia,2020,NCBI
OP168888.1,BQCV strain Canada sequence [OP168888.1],,,BQCV,North America,Canada,2020,NCBI
OP628244.1,"MAG: BQCV isolate B16, complete cds [OP628244.1]",,,BQCV,South America,Brasil,2016,NCBI
MT096521.1,"MAG: BQCV isolate FTA1-7, complete genome [MT096521.1]",,,BQCV,Europe,Spain,2015,NCBI
KJ738331.1,"UNVERIFIED: BQCV, complete cds [KJ738331.1]",,,BQCV,Asia,China,2013,NCBI
AB070959.1,"Kakugo virus genomic RNA, complete genome [AB070959.1]",,,DWV A,Asia,Japan,2004,NCBI
AJ489744.2,"DWV gene for polyprotein, genomic RNA [AJ489744.2]",,,DWV A,Europe,Italy,2005,NCBI
AY292384.1,"DWV isolate PA, complete genome [AY292384.1]",,,DWV A,North America,USA,2006,NCBI
GU109335.1,"DWV isolate Warwick-2009 polyprotein gene, complete cds [GU109335.1]",,,DWV A,Europe,United Kingdom,2009,NCBI
HB342180.1,Sequence 4 from Patent WO2009060429 [HB342180.1],,,DWV A,,,2009,NCBI
JQ413340.1,"DWV isolate Chilensis A1, complete genome [JQ413340.1]",,,DWV A,South America,Chile,2011,NCBI
JX878304.1,"DWV strain Korea-1, complete genome [JX878304.1]",,,DWV A,Asia,Korea,2013,NCBI
JX878305.1,"DWV strain Korea-2, complete genome [JX878305.1]",,,DWV A,Asia,Korea,2013,NCBI
KC786223.1,DWV isolate DWV_Ox genomic sequence [KC786223.1],,,DWV A,Europe,United Kingdom,2010,NCBI
KT004425.1,"DWV isolate AmE711 polyprotein gene, complete cds [KT004425.1]",,,DWV A,North America,USA,2014,NCBI
KU847397.1,"DWV isolate Austria 1414, complete genome [KU847397.1]",,,DWV A,Europe,Austria,2014,NCBI
KX373899.2,"DWV isolate 85-DWV, complete genome [KX373899.2]",,,DWV A,Europe,France,2018,NCBI
KY909333.1,"DWV isolate Vespa_crabro_DWV_PI_2016, complete genome [KY909333.1]",,,DWV A,Europe,Italy,2016,NCBI
MF036686.1,"DWV isolate 2C1, complete genome [MF036686.1]",,,DWV A,Asia,China,2016,NCBI
MF623172.1,"DWV isolate Hamilton polyprotein gene, complete cds [MF623172.1]",,,DWV A,Oceania,Australia,2017,NCBI
MF770715.1,"DWV strain Liaoning-1, complete genome [MF770715.1]",,,DWV A,Europe,China,2017,NCBI
MG831200.1,"DWV isolate Maryland/2015/304, complete genome [MG831200.1]",,,DWV A,North America,USA,2015,NCBI
MG831202.1,"DWV isolate Maryland/2015/422, complete genome [MG831202.1]",,,DWV A,North America,USA,2015,NCBI
MH069504.1,"DWV isolate DWV-USA-p118 polyprotein gene, complete cds [MH069504.1]",,,DWV A,North America,USA,2015,NCBI
MH267695.1,"DWV isolate DWV_MR, complete genome [MH267695.1]",,,DWV A,Europe,Sweden,2018,NCBI
MH267696.1,"DWV isolate DWV_MS, complete genome [MH267696.1]",,,DWV A,Europe,Sweden,2018,NCBI
HM067437.1,"DWV isolate VDV-1-DWV-No-5, complete genome [HM067437.1]",,,DWV A B,Europe,United Kingdom,2009,NCBI
HM067438.1,"DWV isolate VDV-1-DWV-No-9, complete genome [HM067438.1]",,,DWV A B,Europe,United Kingdom,2009,NCBI
JD007788.1,Sequence 56 from Patent WO2014170661 [JD007788.1],,,DWV A B,Europe,United Kingdom,2014,NCBI
KC786224.1,Kakugo virus isolate KV_Ox genomic sequence [KC786224.1],,,DWV A B,Europe,United Kingdom,2010,NCBI
KJ437447.1,"DWV isolate Varroa-infested-colony-DJE202, complete genome [KJ437447.1]",,,DWV A B,Europe,United Kingdom,2013,NCBI
KX373900.1,"VDV-1/DWV recombinant isolate 123, complete genome [KX373900.1]",,,DWV A B,Europe,France,2018,NCBI
AY251269.2,"VDV-1, complete genome [AY251269.2]",,,DWV B,Europe,Netherlands,2005,NCBI
CVUB01000001.1,"DWV H6_Jan_13_Type_B_genome, whole genome shotgun sequence [CVUB01000001.1]",,,DWV B,Europe,United Kingdom,2015,NCBI
JF440525.1,"VDV-1 strain Zriffin polyprotein gene, complete cds [JF440525.1]",,,DWV B,Middle East,Israel,2008,NCBI
KC786222.1,"VDV-1 polyprotein gene, genomic sequence [KC786222.1]",,,DWV B,Europe,United Kingdom,2010,NCBI
KX783225.1,"DWV isolate leuven-dwv1, complete genome [KX783225.1]",,,DWV B,Europe,Belgium,2012,NCBI
MN565037.1,"DWV isolate DWV/144I, complete genome [MN565037.1]",,,DWV B,Europe,France,2019,NCBI
OL803830.1,"DWV strain DWV-B12A polyprotein gene, complete cds [OL803830.1]",,,DWV B,Europe,Czech Republic,2018,NCBI
EU218534.1,"IAPV of bees from USA, complete genome [EU218534.1]",,,IAPV,North America,USA,2003,NCBI
KY243933.1,"IAPV strain PP, complete genome [KY243933.1]",,,IAPV,Europe,Czech Republic,2014,NCBI
OP972882.1,"MAG: IAPV isolate Hwasun_B, complete genome [OP972882.1]",,,IAPV,Asia,Korea,2022,NCBI
KM886902.1,"LSV strain VBP022, complete cds [KM886902.1]",,,LSV,Europe,Belgium,2012,NCBI
KM886903.1,"LSV strain VBP166, complete cds [KM886903.1]",,,LSV,Europe,Belgium,2012,NCBI
KM886904.1,"LSV strain VBP256, complete cds [KM886904.1]",,,LSV,Europe,Belgium,2012,NCBI
KM886905.1,"LSV strain exp10, complete cds [KM886905.1]",,,LSV,Europe,Belgium,2012,NCBI
KY354241.1,"LSV TO, complete cds [KY354241.1]",,,LSV,Oceania,Tonga,2015,NCBI
KY354242.1,"LSV NE, complete cds [KY354242.1]",,,LSV,Europe,Netherlands,2014,NCBI
KY354243.1,"LSV SA1, complete cds [KY354243.1]",,,LSV,Africa,South Africa,2013,NCBI
KY354244.1,"LSV SA2, complete cds [KY354244.1]",,,LSV,Africa,South Africa,2013,NCBI
KY465714.1,"LSV strain WA2-LSV8, partial cds [KY465714.1]",,,LSV,Oceania,Australia,2014,NCBI
KY465719.1,"LSV strain QLD-LSV3, complete cds [KY465719.1]",,,LSV,Oceania,Australia,2014,NCBI
MT482482.1,"LSV isolate LSV2/SI, complete genome [MT482482.1]",,,LSV,Oceania,Solomon Islands,2014,NCBI
MT636347.1,"MAG: LSV isolate LSV-MR-APR15, complete genome [MT636347.1]",,,LSV,Europe,Sweden,2015,NCBI
MW397636.1,"LSV isolate LSV_NE/Israel/2018, complete cds [MW397636.1]",,,LSV,Middle East,Israel,2018,NCBI
OL803836.1,"LSV strain LSV-A8A, complete cds [OL803836.1]",,,LSV,Europe,Czech Republic,2018,NCBI
OL803841.1,"LSV strain LSV-B7A, complete cds [OL803841.1]",,,LSV,Europe,Czech Republic,2018,NCBI
OL803844.1,"LSV strain LSV-C7B, complete cds [OL803844.1]",,,LSV,Europe,Czech Republic,2018,NCBI
OL803848.1,"LSV strain LSV-D3A, complete cds [OL803848.1]",,,LSV,Europe,Czech Republic,2018,NCBI
OL803849.1,"LSV strain LSV-D9C, complete cds [OL803849.1]",,,LSV,Europe,Czech Republic,2018,NCBI
OL803850.1,"LSV strain LSV-E9C, complete cds [OL803850.1]",,,LSV,Europe,Czech Republic,2018,NCBI
ON108628.1,"LSV isolate LSV_Guyana_R6_OS_3_01_SA2, partial genome [ON108628.1]",,,LSV,South America,Guyana,2022,NCBI
ON108629.1,"LSV isolate LSV_Guyana_R4_FB_13_07_NE, partial genome [ON108629.1]",,,LSV,South America,Guyana,2022,NCBI
ON108635.1,"LSV isolate LSV_Guyana_R4_FB_13_07_SA2, partial genome [ON108635.1]",,,LSV,South America,Guyana,2022,NCBI
ON108636.1,"LSV isolate LSV_Guyana_R3_feral_12_06_SA2, partial genome [ON108636.1]",,,LSV,South America,Guyana,2022,NCBI
ON108637.1,"LSV isolate LSV_Guyana_R6_TT_4_02_SA2, partial genome [ON108637.1]",,,LSV,South America,Guyana,2022,NCBI
ON108638.1,"LSV isolate LSV_Guyana_R3_RW_9_05_SA2, partial genome [ON108638.1]",,,LSV,South America,Guyana,2022,NCBI
ON108639.1,"LSV isolate LSV_Guyana_R4_FB_16_08_SA2, partial genome [ON108639.1]",,,LSV,South America,Guyana,2022,NCBI
OP628246.1,"MAG: LSV isolate B16, complete cds [OP628246.1]",,,LSV,South America,Brasil,2016,NCBI
HQ871931.2,"LSV 1, complete cds [HQ871931.2]",,,LSV 1,North America,USA,2009,NCBI
KY465701.1,"LSV 1 strain VN3, complete cds [KY465701.1]",,,LSV 1,Oceania,Australia,2014,NCBI
HQ888865.2,"LSV 2 strain BruceSD_T17E01, complete cds [HQ888865.2]",,,LSV 2,North America,USA,2009,NCBI
KY465707.1,"LSV 2 strain WA2, complete cds [KY465707.1]",,,LSV 2,Oceania,Australia,2014,NCBI
KY465712.1,"LSV 2 strain TAS, complete cds [KY465712.1]",,,LSV 2,Oceania,Australia,2014,NCBI
LR655824.1,"LSV 2 isolate LSV2-IT1, clone 00BA-20.LSV2, complete cds gene [LR655824.1]",,,LSV 2,Europe,Italy,2019,NCBI
MW397637.1,"LSV 2 isolate LSV-2/Israel/2018, complete cds [MW397637.1]",,,LSV 2,Middle East,Israel,2018,NCBI
MZ821912.1,"MAG: LSV 2 isolate LSV_No66_Am056-SH2019, complete cds [MZ821912.1]",,,LSV 2,Asia,China,2019,NCBI
OP972922.1,MAG: LSV 2 isolate Gannjin B genomic sequence [OP972922.1],,,LSV 2,Asia,Korea,2022,NCBI
KY465717.1,"LSV strain NT-LSV3, complete cds [KY465717.1]",,,LSV 3,Oceania,Australia,2014,NCBI
MH267699.1,"LSV 3 isolate LSV-3_MR, complete genome [MH267699.1]",,,LSV 3,Europe,Sweden,2009,NCBI
MH267700.1,"LSV 3 isolate LSV-3_MS, complete genome [MH267700.1]",,,LSV 3,Europe,Sweden,2009,NCBI
MT482473.1,"LSV isolate LSV3/PNG-b, complete cds [MT482473.1]",,,LSV 3,Oceania,Papua New Guinea,2014,NCBI
MZ821885.1,"MAG: LSV 3 isolate LSV_No39_Am028-HUB2016, complete cds [MZ821885.1]",,,LSV 3,Asia,China,2019,NCBI
MZ821892.1,"MAG: LSV 3 isolate LSV_No46_Am034-HUN2019, complete cds [MZ821892.1]",,,LSV 3,Asia,China,2019,NCBI
MZ821897.1,"MAG: LSV 3 isolate LSV_No51_Am041-JX2018, complete cds [MZ821897.1]",,,LSV 3,Asia,China,2019,NCBI
MZ821904.1,"MAG: LSV 3 isolate LSV_No58_Am043-LN2017, complete cds [MZ821904.1]",,,LSV 3,Asia,China,2019,NCBI
OL803835.1,"LSV strain LSV-A3C, complete cds [OL803835.1]",,,LSV 3,Europe,Czech Republic,2018,NCBI
ON648746.1,"MAG: LSV 3 isolate LSV3 LS74/2019, complete genome [ON648746.1]",,,LSV 3,Europe,Slovenia,2018,NCBI
ON648747.1,"MAG: LSV 3 isolate LSV3 LS81/2019, complete genome [ON648747.1]",,,LSV 3,Europe,Slovenia,2018,NCBI
MZ821884.1,"MAG: LSV 4 isolate LSV_No38_Am028-HUB2016, complete cds [MZ821884.1]",,,LSV 4,Asia,China,2019,NCBI
ON648753.1,"MAG: LSV 4 isolate LSV4 LS21/2018, complete genome [ON648753.1]",,,LSV 4,Europe,Slovenia,2018,NCBI
OP972894.1,"MAG: LSV 4 isolate Geochang_B, complete genome [OP972894.1]",,,LSV 4,Asia,Korea,2022,NCBI
OP972895.1,"MAG: LSV 4 isolate Yeongdong_B, complete genome [OP972895.1]",,,LSV 4,Asia,Korea,2022,NCBI
OP972897.1,MAG: LSV 4 isolate Yeongwol_B genomic sequence [OP972897.1],,,LSV 4,Asia,Korea,2022,NCBI
KY465715.1,"LSV strain VN2-LSV8, complete cds [KY465715.1]",,,LSV 8,Oceania,Australia,2014,NCBI
MT482470.1,"LSV isolate LSV8/PNG, complete genome [MT482470.1]",,,LSV 8,Oceania,Papua New Guinea,2014,NCBI
MZ821870.1,"MAG: LSV 8 isolate LSV_No24_Am007-BJ2019, complete cds [MZ821870.1]",,,LSV 8,Asia,China,2019,NCBI
MZ821873.1,"MAG: LSV 8 isolate LSV_No27_Am010-GS2018, complete cds [MZ821873.1]",,,LSV 8,Asia,China,2019,NCBI
MZ821908.1,"MAG: LSV 8 isolate LSV_No62_Am052-SX2019, complete cds [MZ821908.1]",,,LSV 8,Asia,China,2019,NCBI
OL803838.1,"LSV strain LSV-A8C, complete cds [OL803838.1]",,,LSV 8,Europe,Czech Republic,2018,NCBI
OM744325.1,"MAG: LSV 8 isolate Henan/2019, complete genome [OM744325.1]",,,LSV 8,Asia,China,2019,NCBI
AF092924.1,"SBV, complete genome  [AF092924.1]",,,SBV,Europe,United Kingdom,1998,NCBI
HM237361.1,"SBV CSBV-LN/China/2009, complete genome [HM237361.1]",,,SBV,Asia,China,2009,NCBI
JQ390591.1,"SBV strain AmSBV-Kor21, complete genome [JQ390591.1]",,,SBV,Asia,Korea,2011,NCBI
JX270796.1,"SBV strain K1A, complete genome [JX270796.1]",,,SBV,Asia,India,2012,NCBI
JX270798.1,"SBV strain K3A, complete genome [JX270798.1]",,,SBV,Asia,India,2012,NCBI
KC007374.1,"SBV strain SBM2, complete genome [KC007374.1]",,,SBV,Asia,Vietnam,2004,NCBI
KF960044.1,"SBV strain BJ 2012, complete genome [KF960044.1]",,,SBV,Asia,China,2012,NCBI
KM884995.1,"SBV isolate AmSBV-Viet6, complete genome [KM884995.1]",,,SBV,Asia,Vietnam,2013,NCBI
KP296801.1,"SBV strain AmSBV-Kor2, complete genome [KP296801.1]",,,SBV,Asia,Korea,2014,NCBI
KP296802.1,"SBV strain AcSBV-Kor3, complete genome [KP296802.1]",,,SBV,Asia,Korea,2014,NCBI
KX668140.1,"SBV strain NA polyprotein gene, complete cds [KX668140.1]",,,SBV,Asia,Vietnam,2015,NCBI
MG545286.1,"SBV isolate MD1, complete genome [MG545286.1]",,,SBV,North America,USA,2017,NCBI
MH107056.1,"Mutant SBV clone AcSBV-Fuzhou-IRES-EGFP, complete genome [MH107056.1]",,,SBV,Asia,China,2018,NCBI
MK719542.1,"SBV isolate CSBV-SC/China/2018, complete genome [MK719542.1]",,,SBV,Asia,China,2018,NCBI
MN082651.1,"SBV isolate AmSBV-TW, complete genome [MN082651.1]",,,SBV,Asia,Taiwan,2020,NCBI
MT482477.1,"SBV isolate SBV/PNG-2014, complete genome [MT482477.1]",,,SBV,Oceania,Papua New Guinea,2014,NCBI
,BB_H07_0001,Blueberry,EFB-,,North America,USA,2020,This study
,BB_H07_0003,Blueberry,EFB-,,North America,USA,2020,This study
,BB_H07_0006,Blueberry,EFB+,,North America,USA,2020,This study
,BB_H07_0035,Blueberry,EFB+,,North America,USA,2020,This study
,BB_H08_0001,Blueberry,EFB-,,North America,USA,2020,This study
,BB_H08_0002,Blueberry,EFB-,,North America,USA,2020,This study
,BB_H09_0001,Blueberry,EFB-,,North America,USA,2020,This study
,BB_UH10_0001,Blueberry,EFB+,,North America,USA,2020,This study
,BB_UH10_0002,Blueberry,EFB-,,North America,USA,2020,This study
,BB_UH10_0008,Blueberry,EFB+,,North America,USA,2020,This study
,BB_UH10_0015,Blueberry,EFB+,,North America,USA,2020,This study
,BB_UH10_0030,Blueberry,EFB+,,North America,USA,2020,This study
,BB_UH10_0053,Blueberry,EFB+,,North America,USA,2020,This study
,BB_UH10_0054,Blueberry,EFB+,,North America,USA,2020,This study
,BB_UH11_0001,Blueberry,EFB+,,North America,USA,2020,This study
,BB_UH11_0002,Blueberry,EFB+,,North America,USA,2020,This study
,BB_UH11_0003,Blueberry,EFB+,,North America,USA,2020,This study
,BB_UH11_0005,Blueberry,EFB+,,North America,USA,2020,This study
,BB_UH11_0011,Blueberry,EFB+,,North America,USA,2020,This study
,BB_UH12_0001,Blueberry,EFB+,,North America,USA,2020,This study
,BB_UH12_0002,Blueberry,EFB+,,North America,USA,2020,This study
,BB_UH12_0004,Blueberry,EFB+,,North America,USA,2020,This study
,BB_UH12_0006,Blueberry,EFB+,,North America,USA,2020,This study
,BB_UH12_0007,Blueberry,EFB+,,North America,USA,2020,This study
,BB_UH12_0020,Blueberry,EFB+,,North America,USA,2020,This study
,HO_H02_0012,Holding,EFB-,,North America,USA,2020,This study
,HO_UH04_0001,Holding,EFB+,,North America,USA,2020,This study
,HO_UH04_0018,Holding,EFB+,,North America,USA,2020,This study
,HO_UH04_0023,Holding,EFB+,,North America,USA,2020,This study
,HO_UH04_0025,Holding,EFB+,,North America,USA,2020,This study
,HO_UH05_0001,Holding,EFB+,,North America,USA,2020,This study
,HO_UH05_0002,Holding,EFB+,,North America,USA,2020,This study
,HO_UH05_0009,Holding,EFB+,,North America,USA,2020,This study
,HO_UH05_0012,Holding,EFB+,,North America,USA,2020,This study
,HO_UH05_0019,Holding,EFB+,,North America,USA,2020,This study
,HO_UH05_0034,Holding,EFB+,,North America,USA,2020,This study
,HO_UH06_0002,Holding,EFB+,,North America,USA,2020,This study
,HO_UH06_0005,Holding,EFB+,,North America,USA,2020,This study
,HO_UH06_0006,Holding,EFB+,,North America,USA,2020,This study
,HO_UH06_0008,Holding,EFB+,,North America,USA,2020,This study
,HO_UH06_0014,Holding,EFB+,,North America,USA,2020,This study