chr,genomeID,libraryID,chr.length,mapped.reads,total.reads,cumilatively.normalise.reads,EFB,Yard,taxID,CommonName,Variant,superkingdom,phylum,order,class,family,genus,species
contig_Blueberry_H07_000000000003,BB_H07_000003,ApisM_MM__10_26_2021_barcode01,10074,363,202968,12100,Negative,Yard B,198112,Deformed Wing Virus,DWV A,Viruses, Pisuviricota, Picornavirales, Pisoniviricetes,Iflaviridae,Iflavirus,Iflavirus aladeformis
contig_Blueberry_H07_000000000003,BB_H07_000003,ApisM_MM__10_26_2021_barcode02,10074,36,201466,765.9574468,Negative,Yard B,198112,Deformed Wing Virus,DWV A,Viruses, Pisuviricota, Picornavirales, Pisoniviricetes,Iflaviridae,Iflavirus,Iflavirus aladeformis
contig_Blueberry_H07_000000000003,BB_H07_000003,ApisM_MM__10_26_2021_barcode03,10074,8,191616,1142.857143,Negative,Yard B,198112,Deformed Wing Virus,DWV A,Viruses, Pisuviricota, Picornavirales, Pisoniviricetes,Iflaviridae,Iflavirus,Iflavirus aladeformis
contig_Blueberry_H07_000000000003,BB_H07_000003,ApisM_MM__10_26_2021_barcode04,10074,64,255725,426.6666667,Positive,Yard B,198112,Deformed Wing Virus,DWV A,Viruses, Pisuviricota, Picornavirales, Pisoniviricetes,Iflaviridae,Iflavirus,Iflavirus aladeformis
contig_Blueberry_H07_000000000003,BB_H07_000003,ApisM_MM__10_26_2021_barcode05,10074,1410,182651,4895.833333,Positive,Yard B,198112,Deformed Wing Virus,DWV A,Viruses, Pisuviricota, Picornavirales, Pisoniviricetes,Iflaviridae,Iflavirus,Iflavirus aladeformis
contig_Blueberry_H07_000000000003,BB_H07_000003,ApisM_MM__10_26_2021_barcode06,10074,29,237923,219.6969697,Positive,Yard B,198112,Deformed Wing Virus,DWV A,Viruses, Pisuviricota, Picornavirales, Pisoniviricetes,Iflaviridae,Iflavirus,Iflavirus aladeformis
contig_Blueberry_H07_000000000003,BB_H07_000003,ApisM_MM__10_26_2021_barcode07,10074,11920,192210,322162.1622,Negative,Yard A,198112,Deformed Wing Virus,DWV A,Viruses, Pisuviricota, Picornavirales, Pisoniviricetes,Iflaviridae,Iflavirus,Iflavirus aladeformis
contig_Blueberry_H07_000000000003,BB_H07_000003,ApisM_MM__10_26_2021_barcode08,10074,429,157150,3086.330935,Negative,Yard A,198112,Deformed Wing Virus,DWV A,Viruses, Pisuviricota, Picornavirales, Pisoniviricetes,Iflaviridae,Iflavirus,Iflavirus aladeformis
contig_Blueberry_H07_000000000003,BB_H07_000003,ApisM_MM__10_26_2021_barcode09,10074,4,249428,200,Negative,Yard A,198112,Deformed Wing Virus,DWV A,Viruses, Pisuviricota, Picornavirales, Pisoniviricetes,Iflaviridae,Iflavirus,Iflavirus aladeformis
contig_Blueberry_H07_000000000003,BB_H07_000003,ApisM_MM__10_26_2021_barcode10,10074,741,83425,2581.881533,Positive,Yard A,198112,Deformed Wing Virus,DWV A,Viruses, Pisuviricota, Picornavirales, Pisoniviricetes,Iflaviridae,Iflavirus,Iflavirus aladeformis
contig_Blueberry_H07_000000000003,BB_H07_000003,ApisM_MM__10_26_2021_barcode11,10074,325,304916,1400.862069,Positive,Yard A,198112,Deformed Wing Virus,DWV A,Viruses, Pisuviricota, Picornavirales, Pisoniviricetes,Iflaviridae,Iflavirus,Iflavirus aladeformis
contig_Blueberry_H07_000000000003,BB_H07_000003,ApisM_MM__10_26_2021_barcode12,10074,597,116487,1715.517241,Positive,Yard A,198112,Deformed Wing Virus,DWV A,Viruses, Pisuviricota, Picornavirales, Pisoniviricetes,Iflaviridae,Iflavirus,Iflavirus aladeformis
contig_Blueberry_H07_000000000006,BB_H07_000006,ApisM_MM__10_26_2021_barcode01,6812,48,202968,1600,Negative,Yard B,198112,Deformed Wing Virus,DWV B,Viruses, Pisuviricota, Picornavirales, Pisoniviricetes,Iflaviridae,Iflavirus,Iflavirus aladeformis
contig_Blueberry_H07_000000000006,BB_H07_000006,ApisM_MM__10_26_2021_barcode02,6812,6,201466,127.6595745,Negative,Yard B,198112,Deformed Wing Virus,DWV B,Viruses, Pisuviricota, Picornavirales, Pisoniviricetes,Iflaviridae,Iflavirus,Iflavirus aladeformis
contig_Blueberry_H07_000000000006,BB_H07_000006,ApisM_MM__10_26_2021_barcode03,6812,2,191616,285.7142857,Negative,Yard B,198112,Deformed Wing Virus,DWV B,Viruses, Pisuviricota, Picornavirales, Pisoniviricetes,Iflaviridae,Iflavirus,Iflavirus aladeformis
contig_Blueberry_H07_000000000006,BB_H07_000006,ApisM_MM__10_26_2021_barcode04,6812,8,255725,53.33333333,Positive,Yard B,198112,Deformed Wing Virus,DWV B,Viruses, Pisuviricota, Picornavirales, Pisoniviricetes,Iflaviridae,Iflavirus,Iflavirus aladeformis
contig_Blueberry_H07_000000000006,BB_H07_000006,ApisM_MM__10_26_2021_barcode05,6812,138,182651,479.1666667,Positive,Yard B,198112,Deformed Wing Virus,DWV B,Viruses, Pisuviricota, Picornavirales, Pisoniviricetes,Iflaviridae,Iflavirus,Iflavirus aladeformis
contig_Blueberry_H07_000000000006,BB_H07_000006,ApisM_MM__10_26_2021_barcode06,6812,7,237923,53.03030303,Positive,Yard B,198112,Deformed Wing Virus,DWV B,Viruses, Pisuviricota, Picornavirales, Pisoniviricetes,Iflaviridae,Iflavirus,Iflavirus aladeformis
contig_Blueberry_H07_000000000006,BB_H07_000006,ApisM_MM__10_26_2021_barcode07,6812,2016,192210,54486.48649,Negative,Yard A,198112,Deformed Wing Virus,DWV B,Viruses, Pisuviricota, Picornavirales, Pisoniviricetes,Iflaviridae,Iflavirus,Iflavirus aladeformis
contig_Blueberry_H07_000000000006,BB_H07_000006,ApisM_MM__10_26_2021_barcode08,6812,60,157150,431.6546763,Negative,Yard A,198112,Deformed Wing Virus,DWV B,Viruses, Pisuviricota, Picornavirales, Pisoniviricetes,Iflaviridae,Iflavirus,Iflavirus aladeformis
contig_Blueberry_H07_000000000006,BB_H07_000006,ApisM_MM__10_26_2021_barcode09,6812,0,249428,0,Negative,Yard A,198112,Deformed Wing Virus,DWV B,Viruses, Pisuviricota, Picornavirales, Pisoniviricetes,Iflaviridae,Iflavirus,Iflavirus aladeformis
contig_Blueberry_H07_000000000006,BB_H07_000006,ApisM_MM__10_26_2021_barcode10,6812,157,83425,547.0383275,Positive,Yard A,198112,Deformed Wing Virus,DWV B,Viruses, Pisuviricota, Picornavirales, Pisoniviricetes,Iflaviridae,Iflavirus,Iflavirus aladeformis
contig_Blueberry_H07_000000000006,BB_H07_000006,ApisM_MM__10_26_2021_barcode11,6812,15,304916,64.65517241,Positive,Yard A,198112,Deformed Wing Virus,DWV B,Viruses, Pisuviricota, Picornavirales, Pisoniviricetes,Iflaviridae,Iflavirus,Iflavirus aladeformis
contig_Blueberry_H07_000000000006,BB_H07_000006,ApisM_MM__10_26_2021_barcode12,6812,130,116487,373.5632184,Positive,Yard A,198112,Deformed Wing Virus,DWV B,Viruses, Pisuviricota, Picornavirales, Pisoniviricetes,Iflaviridae,Iflavirus,Iflavirus aladeformis
contig_Blueberry_H07_000000000035,BB_H07_000035,ApisM_MM__10_26_2021_barcode01,3217,3,202968,100,Negative,Yard B,232799,Deformed Wing Virus,DWV,Viruses, Pisuviricota, Picornavirales, Pisoniviricetes,Iflaviridae,Iflavirus,NA
contig_Blueberry_H07_000000000035,BB_H07_000035,ApisM_MM__10_26_2021_barcode02,3217,1,201466,21.27659574,Negative,Yard B,232799,Deformed Wing Virus,DWV,Viruses, Pisuviricota, Picornavirales, Pisoniviricetes,Iflaviridae,Iflavirus,NA
contig_Blueberry_H07_000000000035,BB_H07_000035,ApisM_MM__10_26_2021_barcode03,3217,0,191616,0,Negative,Yard B,232799,Deformed Wing Virus,DWV,Viruses, Pisuviricota, Picornavirales, Pisoniviricetes,Iflaviridae,Iflavirus,NA
contig_Blueberry_H07_000000000035,BB_H07_000035,ApisM_MM__10_26_2021_barcode04,3217,1,255725,6.666666667,Positive,Yard B,232799,Deformed Wing Virus,DWV,Viruses, Pisuviricota, Picornavirales, Pisoniviricetes,Iflaviridae,Iflavirus,NA
contig_Blueberry_H07_000000000035,BB_H07_000035,ApisM_MM__10_26_2021_barcode05,3217,7,182651,24.30555556,Positive,Yard B,232799,Deformed Wing Virus,DWV,Viruses, Pisuviricota, Picornavirales, Pisoniviricetes,Iflaviridae,Iflavirus,NA
contig_Blueberry_H07_000000000035,BB_H07_000035,ApisM_MM__10_26_2021_barcode06,3217,2,237923,15.15151515,Positive,Yard B,232799,Deformed Wing Virus,DWV,Viruses, Pisuviricota, Picornavirales, Pisoniviricetes,Iflaviridae,Iflavirus,NA
contig_Blueberry_H07_000000000035,BB_H07_000035,ApisM_MM__10_26_2021_barcode07,3217,371,192210,10027.02703,Negative,Yard A,232799,Deformed Wing Virus,DWV,Viruses, Pisuviricota, Picornavirales, Pisoniviricetes,Iflaviridae,Iflavirus,NA
contig_Blueberry_H07_000000000035,BB_H07_000035,ApisM_MM__10_26_2021_barcode08,3217,14,157150,100.7194245,Negative,Yard A,232799,Deformed Wing Virus,DWV,Viruses, Pisuviricota, Picornavirales, Pisoniviricetes,Iflaviridae,Iflavirus,NA
contig_Blueberry_H07_000000000035,BB_H07_000035,ApisM_MM__10_26_2021_barcode09,3217,0,249428,0,Negative,Yard A,232799,Deformed Wing Virus,DWV,Viruses, Pisuviricota, Picornavirales, Pisoniviricetes,Iflaviridae,Iflavirus,NA
contig_Blueberry_H07_000000000035,BB_H07_000035,ApisM_MM__10_26_2021_barcode10,3217,41,83425,142.8571429,Positive,Yard A,232799,Deformed Wing Virus,DWV,Viruses, Pisuviricota, Picornavirales, Pisoniviricetes,Iflaviridae,Iflavirus,NA
contig_Blueberry_H07_000000000035,BB_H07_000035,ApisM_MM__10_26_2021_barcode11,3217,2,304916,8.620689655,Positive,Yard A,232799,Deformed Wing Virus,DWV,Viruses, Pisuviricota, Picornavirales, Pisoniviricetes,Iflaviridae,Iflavirus,NA
contig_Blueberry_H07_000000000035,BB_H07_000035,ApisM_MM__10_26_2021_barcode12,3217,41,116487,117.816092,Positive,Yard A,232799,Deformed Wing Virus,DWV,Viruses, Pisuviricota, Picornavirales, Pisoniviricetes,Iflaviridae,Iflavirus,NA
contig_Blueberry_H08_000000000002,BB_H08_000002,ApisM_MM__10_26_2021_barcode01,7137,50,202968,1666.666667,Negative,Yard B,198112,Deformed Wing Virus,DWV A,Viruses, Pisuviricota, Picornavirales, Pisoniviricetes,Iflaviridae,Iflavirus,Iflavirus aladeformis
contig_Blueberry_H08_000000000002,BB_H08_000002,ApisM_MM__10_26_2021_barcode02,7137,4,201466,85.10638298,Negative,Yard B,198112,Deformed Wing Virus,DWV A,Viruses, Pisuviricota, Picornavirales, Pisoniviricetes,Iflaviridae,Iflavirus,Iflavirus aladeformis
contig_Blueberry_H08_000000000002,BB_H08_000002,ApisM_MM__10_26_2021_barcode03,7137,0,191616,0,Negative,Yard B,198112,Deformed Wing Virus,DWV A,Viruses, Pisuviricota, Picornavirales, Pisoniviricetes,Iflaviridae,Iflavirus,Iflavirus aladeformis
contig_Blueberry_H08_000000000002,BB_H08_000002,ApisM_MM__10_26_2021_barcode04,7137,8,255725,53.33333333,Positive,Yard B,198112,Deformed Wing Virus,DWV A,Viruses, Pisuviricota, Picornavirales, Pisoniviricetes,Iflaviridae,Iflavirus,Iflavirus aladeformis
contig_Blueberry_H08_000000000002,BB_H08_000002,ApisM_MM__10_26_2021_barcode05,7137,168,182651,583.3333333,Positive,Yard B,198112,Deformed Wing Virus,DWV A,Viruses, Pisuviricota, Picornavirales, Pisoniviricetes,Iflaviridae,Iflavirus,Iflavirus aladeformis
contig_Blueberry_H08_000000000002,BB_H08_000002,ApisM_MM__10_26_2021_barcode06,7137,15,237923,113.6363636,Positive,Yard B,198112,Deformed Wing Virus,DWV A,Viruses, Pisuviricota, Picornavirales, Pisoniviricetes,Iflaviridae,Iflavirus,Iflavirus aladeformis
contig_Blueberry_H08_000000000002,BB_H08_000002,ApisM_MM__10_26_2021_barcode07,7137,741,192210,20027.02703,Negative,Yard A,198112,Deformed Wing Virus,DWV A,Viruses, Pisuviricota, Picornavirales, Pisoniviricetes,Iflaviridae,Iflavirus,Iflavirus aladeformis
contig_Blueberry_H08_000000000002,BB_H08_000002,ApisM_MM__10_26_2021_barcode08,7137,1106,157150,7956.834532,Negative,Yard A,198112,Deformed Wing Virus,DWV A,Viruses, Pisuviricota, Picornavirales, Pisoniviricetes,Iflaviridae,Iflavirus,Iflavirus aladeformis
contig_Blueberry_H08_000000000002,BB_H08_000002,ApisM_MM__10_26_2021_barcode09,7137,5,249428,250,Negative,Yard A,198112,Deformed Wing Virus,DWV A,Viruses, Pisuviricota, Picornavirales, Pisoniviricetes,Iflaviridae,Iflavirus,Iflavirus aladeformis
contig_Blueberry_H08_000000000002,BB_H08_000002,ApisM_MM__10_26_2021_barcode10,7137,81,83425,282.2299652,Positive,Yard A,198112,Deformed Wing Virus,DWV A,Viruses, Pisuviricota, Picornavirales, Pisoniviricetes,Iflaviridae,Iflavirus,Iflavirus aladeformis
contig_Blueberry_H08_000000000002,BB_H08_000002,ApisM_MM__10_26_2021_barcode11,7137,40,304916,172.4137931,Positive,Yard A,198112,Deformed Wing Virus,DWV A,Viruses, Pisuviricota, Picornavirales, Pisoniviricetes,Iflaviridae,Iflavirus,Iflavirus aladeformis
contig_Blueberry_H08_000000000002,BB_H08_000002,ApisM_MM__10_26_2021_barcode12,7137,80,116487,229.8850575,Positive,Yard A,198112,Deformed Wing Virus,DWV A,Viruses, Pisuviricota, Picornavirales, Pisoniviricetes,Iflaviridae,Iflavirus,Iflavirus aladeformis
contig_Blueberry_H09_000000000001,BB_H09_000001,ApisM_MM__10_26_2021_barcode01,4288,9,202968,300,Negative,Yard B,1041831,Lake Sinai Virus,LSV 2,Viruses, Kitrinoviricota, Nodamuvirales, Magsaviricetes,Sinhaliviridae,Sinaivirus,Lake Sinai virus 2
contig_Blueberry_H09_000000000001,BB_H09_000001,ApisM_MM__10_26_2021_barcode02,4288,4,201466,85.10638298,Negative,Yard B,1041831,Lake Sinai Virus,LSV 2,Viruses, Kitrinoviricota, Nodamuvirales, Magsaviricetes,Sinhaliviridae,Sinaivirus,Lake Sinai virus 2
contig_Blueberry_H09_000000000001,BB_H09_000001,ApisM_MM__10_26_2021_barcode03,4288,0,191616,0,Negative,Yard B,1041831,Lake Sinai Virus,LSV 2,Viruses, Kitrinoviricota, Nodamuvirales, Magsaviricetes,Sinhaliviridae,Sinaivirus,Lake Sinai virus 2
contig_Blueberry_H09_000000000001,BB_H09_000001,ApisM_MM__10_26_2021_barcode04,4288,18,255725,120,Positive,Yard B,1041831,Lake Sinai Virus,LSV 2,Viruses, Kitrinoviricota, Nodamuvirales, Magsaviricetes,Sinhaliviridae,Sinaivirus,Lake Sinai virus 2
contig_Blueberry_H09_000000000001,BB_H09_000001,ApisM_MM__10_26_2021_barcode05,4288,8,182651,27.77777778,Positive,Yard B,1041831,Lake Sinai Virus,LSV 2,Viruses, Kitrinoviricota, Nodamuvirales, Magsaviricetes,Sinhaliviridae,Sinaivirus,Lake Sinai virus 2
contig_Blueberry_H09_000000000001,BB_H09_000001,ApisM_MM__10_26_2021_barcode06,4288,55,237923,416.6666667,Positive,Yard B,1041831,Lake Sinai Virus,LSV 2,Viruses, Kitrinoviricota, Nodamuvirales, Magsaviricetes,Sinhaliviridae,Sinaivirus,Lake Sinai virus 2
contig_Blueberry_H09_000000000001,BB_H09_000001,ApisM_MM__10_26_2021_barcode07,4288,10,192210,270.2702703,Negative,Yard A,1041831,Lake Sinai Virus,LSV 2,Viruses, Kitrinoviricota, Nodamuvirales, Magsaviricetes,Sinhaliviridae,Sinaivirus,Lake Sinai virus 2
contig_Blueberry_H09_000000000001,BB_H09_000001,ApisM_MM__10_26_2021_barcode08,4288,0,157150,0,Negative,Yard A,1041831,Lake Sinai Virus,LSV 2,Viruses, Kitrinoviricota, Nodamuvirales, Magsaviricetes,Sinhaliviridae,Sinaivirus,Lake Sinai virus 2
contig_Blueberry_H09_000000000001,BB_H09_000001,ApisM_MM__10_26_2021_barcode09,4288,522,249428,26100,Negative,Yard A,1041831,Lake Sinai Virus,LSV 2,Viruses, Kitrinoviricota, Nodamuvirales, Magsaviricetes,Sinhaliviridae,Sinaivirus,Lake Sinai virus 2
contig_Blueberry_H09_000000000001,BB_H09_000001,ApisM_MM__10_26_2021_barcode10,4288,198,83425,689.8954704,Positive,Yard A,1041831,Lake Sinai Virus,LSV 2,Viruses, Kitrinoviricota, Nodamuvirales, Magsaviricetes,Sinhaliviridae,Sinaivirus,Lake Sinai virus 2
contig_Blueberry_H09_000000000001,BB_H09_000001,ApisM_MM__10_26_2021_barcode11,4288,46,304916,198.2758621,Positive,Yard A,1041831,Lake Sinai Virus,LSV 2,Viruses, Kitrinoviricota, Nodamuvirales, Magsaviricetes,Sinhaliviridae,Sinaivirus,Lake Sinai virus 2
contig_Blueberry_H09_000000000001,BB_H09_000001,ApisM_MM__10_26_2021_barcode12,4288,287,116487,824.7126437,Positive,Yard A,1041831,Lake Sinai Virus,LSV 2,Viruses, Kitrinoviricota, Nodamuvirales, Magsaviricetes,Sinhaliviridae,Sinaivirus,Lake Sinai virus 2
contig_Blueberry_UH10_000000000002,BB_UH10_000002,ApisM_MM__10_26_2021_barcode01,5630,1,202968,33.33333333,Negative,Yard B,232799,Deformed Wing Virus,DWV B,Viruses, Pisuviricota, Picornavirales, Pisoniviricetes,Iflaviridae,Iflavirus,NA
contig_Blueberry_UH10_000000000002,BB_UH10_000002,ApisM_MM__10_26_2021_barcode02,5630,4,201466,85.10638298,Negative,Yard B,232799,Deformed Wing Virus,DWV B,Viruses, Pisuviricota, Picornavirales, Pisoniviricetes,Iflaviridae,Iflavirus,NA
contig_Blueberry_UH10_000000000002,BB_UH10_000002,ApisM_MM__10_26_2021_barcode03,5630,3,191616,428.5714286,Negative,Yard B,232799,Deformed Wing Virus,DWV B,Viruses, Pisuviricota, Picornavirales, Pisoniviricetes,Iflaviridae,Iflavirus,NA
contig_Blueberry_UH10_000000000002,BB_UH10_000002,ApisM_MM__10_26_2021_barcode04,5630,7,255725,46.66666667,Positive,Yard B,232799,Deformed Wing Virus,DWV B,Viruses, Pisuviricota, Picornavirales, Pisoniviricetes,Iflaviridae,Iflavirus,NA
contig_Blueberry_UH10_000000000002,BB_UH10_000002,ApisM_MM__10_26_2021_barcode05,5630,3,182651,10.41666667,Positive,Yard B,232799,Deformed Wing Virus,DWV B,Viruses, Pisuviricota, Picornavirales, Pisoniviricetes,Iflaviridae,Iflavirus,NA
contig_Blueberry_UH10_000000000002,BB_UH10_000002,ApisM_MM__10_26_2021_barcode06,5630,16,237923,121.2121212,Positive,Yard B,232799,Deformed Wing Virus,DWV B,Viruses, Pisuviricota, Picornavirales, Pisoniviricetes,Iflaviridae,Iflavirus,NA
contig_Blueberry_UH10_000000000002,BB_UH10_000002,ApisM_MM__10_26_2021_barcode07,5630,936,192210,25297.2973,Negative,Yard A,232799,Deformed Wing Virus,DWV B,Viruses, Pisuviricota, Picornavirales, Pisoniviricetes,Iflaviridae,Iflavirus,NA
contig_Blueberry_UH10_000000000002,BB_UH10_000002,ApisM_MM__10_26_2021_barcode08,5630,38,157150,273.381295,Negative,Yard A,232799,Deformed Wing Virus,DWV B,Viruses, Pisuviricota, Picornavirales, Pisoniviricetes,Iflaviridae,Iflavirus,NA
contig_Blueberry_UH10_000000000002,BB_UH10_000002,ApisM_MM__10_26_2021_barcode09,5630,1,249428,50,Negative,Yard A,232799,Deformed Wing Virus,DWV B,Viruses, Pisuviricota, Picornavirales, Pisoniviricetes,Iflaviridae,Iflavirus,NA
contig_Blueberry_UH10_000000000002,BB_UH10_000002,ApisM_MM__10_26_2021_barcode10,5630,610,83425,2125.43554,Positive,Yard A,232799,Deformed Wing Virus,DWV B,Viruses, Pisuviricota, Picornavirales, Pisoniviricetes,Iflaviridae,Iflavirus,NA
contig_Blueberry_UH10_000000000002,BB_UH10_000002,ApisM_MM__10_26_2021_barcode11,5630,4,304916,17.24137931,Positive,Yard A,232799,Deformed Wing Virus,DWV B,Viruses, Pisuviricota, Picornavirales, Pisoniviricetes,Iflaviridae,Iflavirus,NA
contig_Blueberry_UH10_000000000002,BB_UH10_000002,ApisM_MM__10_26_2021_barcode12,5630,176,116487,505.7471264,Positive,Yard A,232799,Deformed Wing Virus,DWV B,Viruses, Pisuviricota, Picornavirales, Pisoniviricetes,Iflaviridae,Iflavirus,NA
contig_Blueberry_UH10_000000000015,BB_UH10_000015,ApisM_MM__10_26_2021_barcode01,3431,2,202968,66.66666667,Negative,Yard B,294365,Israel Acute Paralysis Virus,IAPV,Viruses, Pisuviricota, Picornavirales, Pisoniviricetes,Dicistroviridae,Aparavirus,Aparavirus israelense
contig_Blueberry_UH10_000000000015,BB_UH10_000015,ApisM_MM__10_26_2021_barcode02,3431,3,201466,63.82978723,Negative,Yard B,294365,Israel Acute Paralysis Virus,IAPV,Viruses, Pisuviricota, Picornavirales, Pisoniviricetes,Dicistroviridae,Aparavirus,Aparavirus israelense
contig_Blueberry_UH10_000000000015,BB_UH10_000015,ApisM_MM__10_26_2021_barcode03,3431,1,191616,142.8571429,Negative,Yard B,294365,Israel Acute Paralysis Virus,IAPV,Viruses, Pisuviricota, Picornavirales, Pisoniviricetes,Dicistroviridae,Aparavirus,Aparavirus israelense
contig_Blueberry_UH10_000000000015,BB_UH10_000015,ApisM_MM__10_26_2021_barcode04,3431,118,255725,786.6666667,Positive,Yard B,294365,Israel Acute Paralysis Virus,IAPV,Viruses, Pisuviricota, Picornavirales, Pisoniviricetes,Dicistroviridae,Aparavirus,Aparavirus israelense
contig_Blueberry_UH10_000000000015,BB_UH10_000015,ApisM_MM__10_26_2021_barcode05,3431,18,182651,62.5,Positive,Yard B,294365,Israel Acute Paralysis Virus,IAPV,Viruses, Pisuviricota, Picornavirales, Pisoniviricetes,Dicistroviridae,Aparavirus,Aparavirus israelense
contig_Blueberry_UH10_000000000015,BB_UH10_000015,ApisM_MM__10_26_2021_barcode06,3431,74,237923,560.6060606,Positive,Yard B,294365,Israel Acute Paralysis Virus,IAPV,Viruses, Pisuviricota, Picornavirales, Pisoniviricetes,Dicistroviridae,Aparavirus,Aparavirus israelense
contig_Blueberry_UH10_000000000015,BB_UH10_000015,ApisM_MM__10_26_2021_barcode07,3431,1,192210,27.02702703,Negative,Yard A,294365,Israel Acute Paralysis Virus,IAPV,Viruses, Pisuviricota, Picornavirales, Pisoniviricetes,Dicistroviridae,Aparavirus,Aparavirus israelense
contig_Blueberry_UH10_000000000015,BB_UH10_000015,ApisM_MM__10_26_2021_barcode08,3431,8,157150,57.55395683,Negative,Yard A,294365,Israel Acute Paralysis Virus,IAPV,Viruses, Pisuviricota, Picornavirales, Pisoniviricetes,Dicistroviridae,Aparavirus,Aparavirus israelense
contig_Blueberry_UH10_000000000015,BB_UH10_000015,ApisM_MM__10_26_2021_barcode09,3431,0,249428,0,Negative,Yard A,294365,Israel Acute Paralysis Virus,IAPV,Viruses, Pisuviricota, Picornavirales, Pisoniviricetes,Dicistroviridae,Aparavirus,Aparavirus israelense
contig_Blueberry_UH10_000000000015,BB_UH10_000015,ApisM_MM__10_26_2021_barcode10,3431,45,83425,156.7944251,Positive,Yard A,294365,Israel Acute Paralysis Virus,IAPV,Viruses, Pisuviricota, Picornavirales, Pisoniviricetes,Dicistroviridae,Aparavirus,Aparavirus israelense
contig_Blueberry_UH10_000000000015,BB_UH10_000015,ApisM_MM__10_26_2021_barcode11,3431,64,304916,275.862069,Positive,Yard A,294365,Israel Acute Paralysis Virus,IAPV,Viruses, Pisuviricota, Picornavirales, Pisoniviricetes,Dicistroviridae,Aparavirus,Aparavirus israelense
contig_Blueberry_UH10_000000000015,BB_UH10_000015,ApisM_MM__10_26_2021_barcode12,3431,53,116487,152.2988506,Positive,Yard A,294365,Israel Acute Paralysis Virus,IAPV,Viruses, Pisuviricota, Picornavirales, Pisoniviricetes,Dicistroviridae,Aparavirus,Aparavirus israelense
contig_Blueberry_UH10_000000000053,BB_UH10_000053,ApisM_MM__10_26_2021_barcode01,6175,3,202968,100,Negative,Yard B,198112,Deformed Wing Virus,DWV B,Viruses, Pisuviricota, Picornavirales, Pisoniviricetes,Iflaviridae,Iflavirus,Iflavirus aladeformis
contig_Blueberry_UH10_000000000053,BB_UH10_000053,ApisM_MM__10_26_2021_barcode02,6175,6,201466,127.6595745,Negative,Yard B,198112,Deformed Wing Virus,DWV B,Viruses, Pisuviricota, Picornavirales, Pisoniviricetes,Iflaviridae,Iflavirus,Iflavirus aladeformis
contig_Blueberry_UH10_000000000053,BB_UH10_000053,ApisM_MM__10_26_2021_barcode03,6175,0,191616,0,Negative,Yard B,198112,Deformed Wing Virus,DWV B,Viruses, Pisuviricota, Picornavirales, Pisoniviricetes,Iflaviridae,Iflavirus,Iflavirus aladeformis
contig_Blueberry_UH10_000000000053,BB_UH10_000053,ApisM_MM__10_26_2021_barcode04,6175,13,255725,86.66666667,Positive,Yard B,198112,Deformed Wing Virus,DWV B,Viruses, Pisuviricota, Picornavirales, Pisoniviricetes,Iflaviridae,Iflavirus,Iflavirus aladeformis
contig_Blueberry_UH10_000000000053,BB_UH10_000053,ApisM_MM__10_26_2021_barcode05,6175,4,182651,13.88888889,Positive,Yard B,198112,Deformed Wing Virus,DWV B,Viruses, Pisuviricota, Picornavirales, Pisoniviricetes,Iflaviridae,Iflavirus,Iflavirus aladeformis
contig_Blueberry_UH10_000000000053,BB_UH10_000053,ApisM_MM__10_26_2021_barcode06,6175,11,237923,83.33333333,Positive,Yard B,198112,Deformed Wing Virus,DWV B,Viruses, Pisuviricota, Picornavirales, Pisoniviricetes,Iflaviridae,Iflavirus,Iflavirus aladeformis
contig_Blueberry_UH10_000000000053,BB_UH10_000053,ApisM_MM__10_26_2021_barcode07,6175,1354,192210,36594.59459,Negative,Yard A,198112,Deformed Wing Virus,DWV B,Viruses, Pisuviricota, Picornavirales, Pisoniviricetes,Iflaviridae,Iflavirus,Iflavirus aladeformis
contig_Blueberry_UH10_000000000053,BB_UH10_000053,ApisM_MM__10_26_2021_barcode08,6175,45,157150,323.7410072,Negative,Yard A,198112,Deformed Wing Virus,DWV B,Viruses, Pisuviricota, Picornavirales, Pisoniviricetes,Iflaviridae,Iflavirus,Iflavirus aladeformis
contig_Blueberry_UH10_000000000053,BB_UH10_000053,ApisM_MM__10_26_2021_barcode09,6175,0,249428,0,Negative,Yard A,198112,Deformed Wing Virus,DWV B,Viruses, Pisuviricota, Picornavirales, Pisoniviricetes,Iflaviridae,Iflavirus,Iflavirus aladeformis
contig_Blueberry_UH10_000000000053,BB_UH10_000053,ApisM_MM__10_26_2021_barcode10,6175,1195,83425,4163.763066,Positive,Yard A,198112,Deformed Wing Virus,DWV B,Viruses, Pisuviricota, Picornavirales, Pisoniviricetes,Iflaviridae,Iflavirus,Iflavirus aladeformis
contig_Blueberry_UH10_000000000053,BB_UH10_000053,ApisM_MM__10_26_2021_barcode11,6175,2,304916,8.620689655,Positive,Yard A,198112,Deformed Wing Virus,DWV B,Viruses, Pisuviricota, Picornavirales, Pisoniviricetes,Iflaviridae,Iflavirus,Iflavirus aladeformis
contig_Blueberry_UH10_000000000053,BB_UH10_000053,ApisM_MM__10_26_2021_barcode12,6175,141,116487,405.1724138,Positive,Yard A,198112,Deformed Wing Virus,DWV B,Viruses, Pisuviricota, Picornavirales, Pisoniviricetes,Iflaviridae,Iflavirus,Iflavirus aladeformis
contig_Blueberry_UH10_000000000054,BB_UH10_000054,ApisM_MM__10_26_2021_barcode01,5819,23,202968,766.6666667,Negative,Yard B,198112,Deformed Wing Virus,DWV B,Viruses, Pisuviricota, Picornavirales, Pisoniviricetes,Iflaviridae,Iflavirus,Iflavirus aladeformis
contig_Blueberry_UH10_000000000054,BB_UH10_000054,ApisM_MM__10_26_2021_barcode02,5819,1,201466,21.27659574,Negative,Yard B,198112,Deformed Wing Virus,DWV B,Viruses, Pisuviricota, Picornavirales, Pisoniviricetes,Iflaviridae,Iflavirus,Iflavirus aladeformis
contig_Blueberry_UH10_000000000054,BB_UH10_000054,ApisM_MM__10_26_2021_barcode03,5819,0,191616,0,Negative,Yard B,198112,Deformed Wing Virus,DWV B,Viruses, Pisuviricota, Picornavirales, Pisoniviricetes,Iflaviridae,Iflavirus,Iflavirus aladeformis
contig_Blueberry_UH10_000000000054,BB_UH10_000054,ApisM_MM__10_26_2021_barcode04,5819,1,255725,6.666666667,Positive,Yard B,198112,Deformed Wing Virus,DWV B,Viruses, Pisuviricota, Picornavirales, Pisoniviricetes,Iflaviridae,Iflavirus,Iflavirus aladeformis
contig_Blueberry_UH10_000000000054,BB_UH10_000054,ApisM_MM__10_26_2021_barcode05,5819,91,182651,315.9722222,Positive,Yard B,198112,Deformed Wing Virus,DWV B,Viruses, Pisuviricota, Picornavirales, Pisoniviricetes,Iflaviridae,Iflavirus,Iflavirus aladeformis
contig_Blueberry_UH10_000000000054,BB_UH10_000054,ApisM_MM__10_26_2021_barcode06,5819,2,237923,15.15151515,Positive,Yard B,198112,Deformed Wing Virus,DWV B,Viruses, Pisuviricota, Picornavirales, Pisoniviricetes,Iflaviridae,Iflavirus,Iflavirus aladeformis
contig_Blueberry_UH10_000000000054,BB_UH10_000054,ApisM_MM__10_26_2021_barcode07,5819,425,192210,11486.48649,Negative,Yard A,198112,Deformed Wing Virus,DWV B,Viruses, Pisuviricota, Picornavirales, Pisoniviricetes,Iflaviridae,Iflavirus,Iflavirus aladeformis
contig_Blueberry_UH10_000000000054,BB_UH10_000054,ApisM_MM__10_26_2021_barcode08,5819,6,157150,43.16546763,Negative,Yard A,198112,Deformed Wing Virus,DWV B,Viruses, Pisuviricota, Picornavirales, Pisoniviricetes,Iflaviridae,Iflavirus,Iflavirus aladeformis
contig_Blueberry_UH10_000000000054,BB_UH10_000054,ApisM_MM__10_26_2021_barcode09,5819,0,249428,0,Negative,Yard A,198112,Deformed Wing Virus,DWV B,Viruses, Pisuviricota, Picornavirales, Pisoniviricetes,Iflaviridae,Iflavirus,Iflavirus aladeformis
contig_Blueberry_UH10_000000000054,BB_UH10_000054,ApisM_MM__10_26_2021_barcode10,5819,527,83425,1836.236934,Positive,Yard A,198112,Deformed Wing Virus,DWV B,Viruses, Pisuviricota, Picornavirales, Pisoniviricetes,Iflaviridae,Iflavirus,Iflavirus aladeformis
contig_Blueberry_UH10_000000000054,BB_UH10_000054,ApisM_MM__10_26_2021_barcode11,5819,17,304916,73.27586207,Positive,Yard A,198112,Deformed Wing Virus,DWV B,Viruses, Pisuviricota, Picornavirales, Pisoniviricetes,Iflaviridae,Iflavirus,Iflavirus aladeformis
contig_Blueberry_UH10_000000000054,BB_UH10_000054,ApisM_MM__10_26_2021_barcode12,5819,16,116487,45.97701149,Positive,Yard A,198112,Deformed Wing Virus,DWV B,Viruses, Pisuviricota, Picornavirales, Pisoniviricetes,Iflaviridae,Iflavirus,Iflavirus aladeformis
contig_Blueberry_UH11_000000000002,BB_UH11_000002,ApisM_MM__10_26_2021_barcode01,6645,1,202968,33.33333333,Negative,Yard B,294365,Israel Acute Paralysis Virus,IAPV,Viruses, Pisuviricota, Picornavirales, Pisoniviricetes,Dicistroviridae,Aparavirus,Aparavirus israelense
contig_Blueberry_UH11_000000000002,BB_UH11_000002,ApisM_MM__10_26_2021_barcode02,6645,3,201466,63.82978723,Negative,Yard B,294365,Israel Acute Paralysis Virus,IAPV,Viruses, Pisuviricota, Picornavirales, Pisoniviricetes,Dicistroviridae,Aparavirus,Aparavirus israelense
contig_Blueberry_UH11_000000000002,BB_UH11_000002,ApisM_MM__10_26_2021_barcode03,6645,1,191616,142.8571429,Negative,Yard B,294365,Israel Acute Paralysis Virus,IAPV,Viruses, Pisuviricota, Picornavirales, Pisoniviricetes,Dicistroviridae,Aparavirus,Aparavirus israelense
contig_Blueberry_UH11_000000000002,BB_UH11_000002,ApisM_MM__10_26_2021_barcode04,6645,75,255725,500,Positive,Yard B,294365,Israel Acute Paralysis Virus,IAPV,Viruses, Pisuviricota, Picornavirales, Pisoniviricetes,Dicistroviridae,Aparavirus,Aparavirus israelense
contig_Blueberry_UH11_000000000002,BB_UH11_000002,ApisM_MM__10_26_2021_barcode05,6645,101,182651,350.6944444,Positive,Yard B,294365,Israel Acute Paralysis Virus,IAPV,Viruses, Pisuviricota, Picornavirales, Pisoniviricetes,Dicistroviridae,Aparavirus,Aparavirus israelense
contig_Blueberry_UH11_000000000002,BB_UH11_000002,ApisM_MM__10_26_2021_barcode06,6645,54,237923,409.0909091,Positive,Yard B,294365,Israel Acute Paralysis Virus,IAPV,Viruses, Pisuviricota, Picornavirales, Pisoniviricetes,Dicistroviridae,Aparavirus,Aparavirus israelense
contig_Blueberry_UH11_000000000002,BB_UH11_000002,ApisM_MM__10_26_2021_barcode07,6645,2,192210,54.05405405,Negative,Yard A,294365,Israel Acute Paralysis Virus,IAPV,Viruses, Pisuviricota, Picornavirales, Pisoniviricetes,Dicistroviridae,Aparavirus,Aparavirus israelense
contig_Blueberry_UH11_000000000002,BB_UH11_000002,ApisM_MM__10_26_2021_barcode08,6645,52,157150,374.1007194,Negative,Yard A,294365,Israel Acute Paralysis Virus,IAPV,Viruses, Pisuviricota, Picornavirales, Pisoniviricetes,Dicistroviridae,Aparavirus,Aparavirus israelense
contig_Blueberry_UH11_000000000002,BB_UH11_000002,ApisM_MM__10_26_2021_barcode09,6645,1,249428,50,Negative,Yard A,294365,Israel Acute Paralysis Virus,IAPV,Viruses, Pisuviricota, Picornavirales, Pisoniviricetes,Dicistroviridae,Aparavirus,Aparavirus israelense
contig_Blueberry_UH11_000000000002,BB_UH11_000002,ApisM_MM__10_26_2021_barcode10,6645,13,83425,45.29616725,Positive,Yard A,294365,Israel Acute Paralysis Virus,IAPV,Viruses, Pisuviricota, Picornavirales, Pisoniviricetes,Dicistroviridae,Aparavirus,Aparavirus israelense
contig_Blueberry_UH11_000000000002,BB_UH11_000002,ApisM_MM__10_26_2021_barcode11,6645,557,304916,2400.862069,Positive,Yard A,294365,Israel Acute Paralysis Virus,IAPV,Viruses, Pisuviricota, Picornavirales, Pisoniviricetes,Dicistroviridae,Aparavirus,Aparavirus israelense
contig_Blueberry_UH11_000000000002,BB_UH11_000002,ApisM_MM__10_26_2021_barcode12,6645,46,116487,132.183908,Positive,Yard A,294365,Israel Acute Paralysis Virus,IAPV,Viruses, Pisuviricota, Picornavirales, Pisoniviricetes,Dicistroviridae,Aparavirus,Aparavirus israelense
contig_Blueberry_UH11_000000000003,BB_UH11_000003,ApisM_MM__10_26_2021_barcode01,5850,1,202968,33.33333333,Negative,Yard B,92395,Black Queen Cell Virus,BQCV,Viruses, Pisuviricota, Picornavirales, Pisoniviricetes,Dicistroviridae,Triatovirus,Triatovirus nigereginacellulae
contig_Blueberry_UH11_000000000003,BB_UH11_000003,ApisM_MM__10_26_2021_barcode02,5850,72,201466,1531.914894,Negative,Yard B,92395,Black Queen Cell Virus,BQCV,Viruses, Pisuviricota, Picornavirales, Pisoniviricetes,Dicistroviridae,Triatovirus,Triatovirus nigereginacellulae
contig_Blueberry_UH11_000000000003,BB_UH11_000003,ApisM_MM__10_26_2021_barcode03,5850,0,191616,0,Negative,Yard B,92395,Black Queen Cell Virus,BQCV,Viruses, Pisuviricota, Picornavirales, Pisoniviricetes,Dicistroviridae,Triatovirus,Triatovirus nigereginacellulae
contig_Blueberry_UH11_000000000003,BB_UH11_000003,ApisM_MM__10_26_2021_barcode04,5850,109,255725,726.6666667,Positive,Yard B,92395,Black Queen Cell Virus,BQCV,Viruses, Pisuviricota, Picornavirales, Pisoniviricetes,Dicistroviridae,Triatovirus,Triatovirus nigereginacellulae
contig_Blueberry_UH11_000000000003,BB_UH11_000003,ApisM_MM__10_26_2021_barcode05,5850,97,182651,336.8055556,Positive,Yard B,92395,Black Queen Cell Virus,BQCV,Viruses, Pisuviricota, Picornavirales, Pisoniviricetes,Dicistroviridae,Triatovirus,Triatovirus nigereginacellulae
contig_Blueberry_UH11_000000000003,BB_UH11_000003,ApisM_MM__10_26_2021_barcode06,5850,66,237923,500,Positive,Yard B,92395,Black Queen Cell Virus,BQCV,Viruses, Pisuviricota, Picornavirales, Pisoniviricetes,Dicistroviridae,Triatovirus,Triatovirus nigereginacellulae
contig_Blueberry_UH11_000000000003,BB_UH11_000003,ApisM_MM__10_26_2021_barcode07,5850,4,192210,108.1081081,Negative,Yard A,92395,Black Queen Cell Virus,BQCV,Viruses, Pisuviricota, Picornavirales, Pisoniviricetes,Dicistroviridae,Triatovirus,Triatovirus nigereginacellulae
contig_Blueberry_UH11_000000000003,BB_UH11_000003,ApisM_MM__10_26_2021_barcode08,5850,67,157150,482.0143885,Negative,Yard A,92395,Black Queen Cell Virus,BQCV,Viruses, Pisuviricota, Picornavirales, Pisoniviricetes,Dicistroviridae,Triatovirus,Triatovirus nigereginacellulae
contig_Blueberry_UH11_000000000003,BB_UH11_000003,ApisM_MM__10_26_2021_barcode09,5850,17,249428,850,Negative,Yard A,92395,Black Queen Cell Virus,BQCV,Viruses, Pisuviricota, Picornavirales, Pisoniviricetes,Dicistroviridae,Triatovirus,Triatovirus nigereginacellulae
contig_Blueberry_UH11_000000000003,BB_UH11_000003,ApisM_MM__10_26_2021_barcode10,5850,49,83425,170.7317073,Positive,Yard A,92395,Black Queen Cell Virus,BQCV,Viruses, Pisuviricota, Picornavirales, Pisoniviricetes,Dicistroviridae,Triatovirus,Triatovirus nigereginacellulae
contig_Blueberry_UH11_000000000003,BB_UH11_000003,ApisM_MM__10_26_2021_barcode11,5850,1847,304916,7961.206897,Positive,Yard A,92395,Black Queen Cell Virus,BQCV,Viruses, Pisuviricota, Picornavirales, Pisoniviricetes,Dicistroviridae,Triatovirus,Triatovirus nigereginacellulae
contig_Blueberry_UH11_000000000003,BB_UH11_000003,ApisM_MM__10_26_2021_barcode12,5850,110,116487,316.091954,Positive,Yard A,92395,Black Queen Cell Virus,BQCV,Viruses, Pisuviricota, Picornavirales, Pisoniviricetes,Dicistroviridae,Triatovirus,Triatovirus nigereginacellulae
contig_Blueberry_UH11_000000000005,BB_UH11_000005,ApisM_MM__10_26_2021_barcode01,4909,16,202968,533.3333333,Negative,Yard B,198112,Deformed Wing Virus,DWV A,Viruses, Pisuviricota, Picornavirales, Pisoniviricetes,Iflaviridae,Iflavirus,Iflavirus aladeformis
contig_Blueberry_UH11_000000000005,BB_UH11_000005,ApisM_MM__10_26_2021_barcode02,4909,2,201466,42.55319149,Negative,Yard B,198112,Deformed Wing Virus,DWV A,Viruses, Pisuviricota, Picornavirales, Pisoniviricetes,Iflaviridae,Iflavirus,Iflavirus aladeformis
contig_Blueberry_UH11_000000000005,BB_UH11_000005,ApisM_MM__10_26_2021_barcode03,4909,1,191616,142.8571429,Negative,Yard B,198112,Deformed Wing Virus,DWV A,Viruses, Pisuviricota, Picornavirales, Pisoniviricetes,Iflaviridae,Iflavirus,Iflavirus aladeformis
contig_Blueberry_UH11_000000000005,BB_UH11_000005,ApisM_MM__10_26_2021_barcode04,4909,4,255725,26.66666667,Positive,Yard B,198112,Deformed Wing Virus,DWV A,Viruses, Pisuviricota, Picornavirales, Pisoniviricetes,Iflaviridae,Iflavirus,Iflavirus aladeformis
contig_Blueberry_UH11_000000000005,BB_UH11_000005,ApisM_MM__10_26_2021_barcode05,4909,84,182651,291.6666667,Positive,Yard B,198112,Deformed Wing Virus,DWV A,Viruses, Pisuviricota, Picornavirales, Pisoniviricetes,Iflaviridae,Iflavirus,Iflavirus aladeformis
contig_Blueberry_UH11_000000000005,BB_UH11_000005,ApisM_MM__10_26_2021_barcode06,4909,8,237923,60.60606061,Positive,Yard B,198112,Deformed Wing Virus,DWV A,Viruses, Pisuviricota, Picornavirales, Pisoniviricetes,Iflaviridae,Iflavirus,Iflavirus aladeformis
contig_Blueberry_UH11_000000000005,BB_UH11_000005,ApisM_MM__10_26_2021_barcode07,4909,583,192210,15756.75676,Negative,Yard A,198112,Deformed Wing Virus,DWV A,Viruses, Pisuviricota, Picornavirales, Pisoniviricetes,Iflaviridae,Iflavirus,Iflavirus aladeformis
contig_Blueberry_UH11_000000000005,BB_UH11_000005,ApisM_MM__10_26_2021_barcode08,4909,19,157150,136.6906475,Negative,Yard A,198112,Deformed Wing Virus,DWV A,Viruses, Pisuviricota, Picornavirales, Pisoniviricetes,Iflaviridae,Iflavirus,Iflavirus aladeformis
contig_Blueberry_UH11_000000000005,BB_UH11_000005,ApisM_MM__10_26_2021_barcode09,4909,0,249428,0,Negative,Yard A,198112,Deformed Wing Virus,DWV A,Viruses, Pisuviricota, Picornavirales, Pisoniviricetes,Iflaviridae,Iflavirus,Iflavirus aladeformis
contig_Blueberry_UH11_000000000005,BB_UH11_000005,ApisM_MM__10_26_2021_barcode10,4909,61,83425,212.543554,Positive,Yard A,198112,Deformed Wing Virus,DWV A,Viruses, Pisuviricota, Picornavirales, Pisoniviricetes,Iflaviridae,Iflavirus,Iflavirus aladeformis
contig_Blueberry_UH11_000000000005,BB_UH11_000005,ApisM_MM__10_26_2021_barcode11,4909,569,304916,2452.586207,Positive,Yard A,198112,Deformed Wing Virus,DWV A,Viruses, Pisuviricota, Picornavirales, Pisoniviricetes,Iflaviridae,Iflavirus,Iflavirus aladeformis
contig_Blueberry_UH11_000000000005,BB_UH11_000005,ApisM_MM__10_26_2021_barcode12,4909,23,116487,66.09195402,Positive,Yard A,198112,Deformed Wing Virus,DWV A,Viruses, Pisuviricota, Picornavirales, Pisoniviricetes,Iflaviridae,Iflavirus,Iflavirus aladeformis
contig_Blueberry_UH11_000000000011,BB_UH11_000011,ApisM_MM__10_26_2021_barcode01,5353,0,202968,0,Negative,Yard B,1547219,Lake Sinai Virus,LSV 4,Viruses, Kitrinoviricota, Nodamuvirales, Magsaviricetes,Sinhaliviridae,Sinaivirus,Lake Sinai virus
contig_Blueberry_UH11_000000000011,BB_UH11_000011,ApisM_MM__10_26_2021_barcode02,5353,1,201466,21.27659574,Negative,Yard B,1547219,Lake Sinai Virus,LSV 4,Viruses, Kitrinoviricota, Nodamuvirales, Magsaviricetes,Sinhaliviridae,Sinaivirus,Lake Sinai virus
contig_Blueberry_UH11_000000000011,BB_UH11_000011,ApisM_MM__10_26_2021_barcode03,5353,0,191616,0,Negative,Yard B,1547219,Lake Sinai Virus,LSV 4,Viruses, Kitrinoviricota, Nodamuvirales, Magsaviricetes,Sinhaliviridae,Sinaivirus,Lake Sinai virus
contig_Blueberry_UH11_000000000011,BB_UH11_000011,ApisM_MM__10_26_2021_barcode04,5353,0,255725,0,Positive,Yard B,1547219,Lake Sinai Virus,LSV 4,Viruses, Kitrinoviricota, Nodamuvirales, Magsaviricetes,Sinhaliviridae,Sinaivirus,Lake Sinai virus
contig_Blueberry_UH11_000000000011,BB_UH11_000011,ApisM_MM__10_26_2021_barcode05,5353,0,182651,0,Positive,Yard B,1547219,Lake Sinai Virus,LSV 4,Viruses, Kitrinoviricota, Nodamuvirales, Magsaviricetes,Sinhaliviridae,Sinaivirus,Lake Sinai virus
contig_Blueberry_UH11_000000000011,BB_UH11_000011,ApisM_MM__10_26_2021_barcode06,5353,1,237923,7.575757576,Positive,Yard B,1547219,Lake Sinai Virus,LSV 4,Viruses, Kitrinoviricota, Nodamuvirales, Magsaviricetes,Sinhaliviridae,Sinaivirus,Lake Sinai virus
contig_Blueberry_UH11_000000000011,BB_UH11_000011,ApisM_MM__10_26_2021_barcode07,5353,1,192210,27.02702703,Negative,Yard A,1547219,Lake Sinai Virus,LSV 4,Viruses, Kitrinoviricota, Nodamuvirales, Magsaviricetes,Sinhaliviridae,Sinaivirus,Lake Sinai virus
contig_Blueberry_UH11_000000000011,BB_UH11_000011,ApisM_MM__10_26_2021_barcode08,5353,0,157150,0,Negative,Yard A,1547219,Lake Sinai Virus,LSV 4,Viruses, Kitrinoviricota, Nodamuvirales, Magsaviricetes,Sinhaliviridae,Sinaivirus,Lake Sinai virus
contig_Blueberry_UH11_000000000011,BB_UH11_000011,ApisM_MM__10_26_2021_barcode09,5353,0,249428,0,Negative,Yard A,1547219,Lake Sinai Virus,LSV 4,Viruses, Kitrinoviricota, Nodamuvirales, Magsaviricetes,Sinhaliviridae,Sinaivirus,Lake Sinai virus
contig_Blueberry_UH11_000000000011,BB_UH11_000011,ApisM_MM__10_26_2021_barcode10,5353,0,83425,0,Positive,Yard A,1547219,Lake Sinai Virus,LSV 4,Viruses, Kitrinoviricota, Nodamuvirales, Magsaviricetes,Sinhaliviridae,Sinaivirus,Lake Sinai virus
contig_Blueberry_UH11_000000000011,BB_UH11_000011,ApisM_MM__10_26_2021_barcode11,5353,772,304916,3327.586207,Positive,Yard A,1547219,Lake Sinai Virus,LSV 4,Viruses, Kitrinoviricota, Nodamuvirales, Magsaviricetes,Sinhaliviridae,Sinaivirus,Lake Sinai virus
contig_Blueberry_UH11_000000000011,BB_UH11_000011,ApisM_MM__10_26_2021_barcode12,5353,1,116487,2.873563218,Positive,Yard A,1547219,Lake Sinai Virus,LSV 4,Viruses, Kitrinoviricota, Nodamuvirales, Magsaviricetes,Sinhaliviridae,Sinaivirus,Lake Sinai virus
contig_Blueberry_UH12_000000000002,BB_UH12_000002,ApisM_MM__10_26_2021_barcode01,8726,3,202968,100,Negative,Yard B,89463,Sacbrood Virus,SBV,Viruses, Pisuviricota, Picornavirales, Pisoniviricetes,Iflaviridae,Iflavirus,Iflavirus sacbroodi
contig_Blueberry_UH12_000000000002,BB_UH12_000002,ApisM_MM__10_26_2021_barcode02,8726,9,201466,191.4893617,Negative,Yard B,89463,Sacbrood Virus,SBV,Viruses, Pisuviricota, Picornavirales, Pisoniviricetes,Iflaviridae,Iflavirus,Iflavirus sacbroodi
contig_Blueberry_UH12_000000000002,BB_UH12_000002,ApisM_MM__10_26_2021_barcode03,8726,12,191616,1714.285714,Negative,Yard B,89463,Sacbrood Virus,SBV,Viruses, Pisuviricota, Picornavirales, Pisoniviricetes,Iflaviridae,Iflavirus,Iflavirus sacbroodi
contig_Blueberry_UH12_000000000002,BB_UH12_000002,ApisM_MM__10_26_2021_barcode04,8726,5,255725,33.33333333,Positive,Yard B,89463,Sacbrood Virus,SBV,Viruses, Pisuviricota, Picornavirales, Pisoniviricetes,Iflaviridae,Iflavirus,Iflavirus sacbroodi
contig_Blueberry_UH12_000000000002,BB_UH12_000002,ApisM_MM__10_26_2021_barcode05,8726,7,182651,24.30555556,Positive,Yard B,89463,Sacbrood Virus,SBV,Viruses, Pisuviricota, Picornavirales, Pisoniviricetes,Iflaviridae,Iflavirus,Iflavirus sacbroodi
contig_Blueberry_UH12_000000000002,BB_UH12_000002,ApisM_MM__10_26_2021_barcode06,8726,799,237923,6053.030303,Positive,Yard B,89463,Sacbrood Virus,SBV,Viruses, Pisuviricota, Picornavirales, Pisoniviricetes,Iflaviridae,Iflavirus,Iflavirus sacbroodi
contig_Blueberry_UH12_000000000002,BB_UH12_000002,ApisM_MM__10_26_2021_barcode07,8726,8,192210,216.2162162,Negative,Yard A,89463,Sacbrood Virus,SBV,Viruses, Pisuviricota, Picornavirales, Pisoniviricetes,Iflaviridae,Iflavirus,Iflavirus sacbroodi
contig_Blueberry_UH12_000000000002,BB_UH12_000002,ApisM_MM__10_26_2021_barcode08,8726,29,157150,208.6330935,Negative,Yard A,89463,Sacbrood Virus,SBV,Viruses, Pisuviricota, Picornavirales, Pisoniviricetes,Iflaviridae,Iflavirus,Iflavirus sacbroodi
contig_Blueberry_UH12_000000000002,BB_UH12_000002,ApisM_MM__10_26_2021_barcode09,8726,8,249428,400,Negative,Yard A,89463,Sacbrood Virus,SBV,Viruses, Pisuviricota, Picornavirales, Pisoniviricetes,Iflaviridae,Iflavirus,Iflavirus sacbroodi
contig_Blueberry_UH12_000000000002,BB_UH12_000002,ApisM_MM__10_26_2021_barcode10,8726,6,83425,20.90592334,Positive,Yard A,89463,Sacbrood Virus,SBV,Viruses, Pisuviricota, Picornavirales, Pisoniviricetes,Iflaviridae,Iflavirus,Iflavirus sacbroodi
contig_Blueberry_UH12_000000000002,BB_UH12_000002,ApisM_MM__10_26_2021_barcode11,8726,11638,304916,50163.7931,Positive,Yard A,89463,Sacbrood Virus,SBV,Viruses, Pisuviricota, Picornavirales, Pisoniviricetes,Iflaviridae,Iflavirus,Iflavirus sacbroodi
contig_Blueberry_UH12_000000000002,BB_UH12_000002,ApisM_MM__10_26_2021_barcode12,8726,7165,116487,20589.08046,Positive,Yard A,89463,Sacbrood Virus,SBV,Viruses, Pisuviricota, Picornavirales, Pisoniviricetes,Iflaviridae,Iflavirus,Iflavirus sacbroodi
contig_Blueberry_UH12_000000000004,BB_UH12_000004,ApisM_MM__10_26_2021_barcode01,5083,0,202968,0,Negative,Yard B,92395,Black Queen Cell Virus,BQCV,Viruses, Pisuviricota, Picornavirales, Pisoniviricetes,Dicistroviridae,Triatovirus,Triatovirus nigereginacellulae
contig_Blueberry_UH12_000000000004,BB_UH12_000004,ApisM_MM__10_26_2021_barcode02,5083,65,201466,1382.978723,Negative,Yard B,92395,Black Queen Cell Virus,BQCV,Viruses, Pisuviricota, Picornavirales, Pisoniviricetes,Dicistroviridae,Triatovirus,Triatovirus nigereginacellulae
contig_Blueberry_UH12_000000000004,BB_UH12_000004,ApisM_MM__10_26_2021_barcode03,5083,1,191616,142.8571429,Negative,Yard B,92395,Black Queen Cell Virus,BQCV,Viruses, Pisuviricota, Picornavirales, Pisoniviricetes,Dicistroviridae,Triatovirus,Triatovirus nigereginacellulae
contig_Blueberry_UH12_000000000004,BB_UH12_000004,ApisM_MM__10_26_2021_barcode04,5083,84,255725,560,Positive,Yard B,92395,Black Queen Cell Virus,BQCV,Viruses, Pisuviricota, Picornavirales, Pisoniviricetes,Dicistroviridae,Triatovirus,Triatovirus nigereginacellulae
contig_Blueberry_UH12_000000000004,BB_UH12_000004,ApisM_MM__10_26_2021_barcode05,5083,90,182651,312.5,Positive,Yard B,92395,Black Queen Cell Virus,BQCV,Viruses, Pisuviricota, Picornavirales, Pisoniviricetes,Dicistroviridae,Triatovirus,Triatovirus nigereginacellulae
contig_Blueberry_UH12_000000000004,BB_UH12_000004,ApisM_MM__10_26_2021_barcode06,5083,45,237923,340.9090909,Positive,Yard B,92395,Black Queen Cell Virus,BQCV,Viruses, Pisuviricota, Picornavirales, Pisoniviricetes,Dicistroviridae,Triatovirus,Triatovirus nigereginacellulae
contig_Blueberry_UH12_000000000004,BB_UH12_000004,ApisM_MM__10_26_2021_barcode07,5083,2,192210,54.05405405,Negative,Yard A,92395,Black Queen Cell Virus,BQCV,Viruses, Pisuviricota, Picornavirales, Pisoniviricetes,Dicistroviridae,Triatovirus,Triatovirus nigereginacellulae
contig_Blueberry_UH12_000000000004,BB_UH12_000004,ApisM_MM__10_26_2021_barcode08,5083,93,157150,669.0647482,Negative,Yard A,92395,Black Queen Cell Virus,BQCV,Viruses, Pisuviricota, Picornavirales, Pisoniviricetes,Dicistroviridae,Triatovirus,Triatovirus nigereginacellulae
contig_Blueberry_UH12_000000000004,BB_UH12_000004,ApisM_MM__10_26_2021_barcode09,5083,10,249428,500,Negative,Yard A,92395,Black Queen Cell Virus,BQCV,Viruses, Pisuviricota, Picornavirales, Pisoniviricetes,Dicistroviridae,Triatovirus,Triatovirus nigereginacellulae
contig_Blueberry_UH12_000000000004,BB_UH12_000004,ApisM_MM__10_26_2021_barcode10,5083,37,83425,128.9198606,Positive,Yard A,92395,Black Queen Cell Virus,BQCV,Viruses, Pisuviricota, Picornavirales, Pisoniviricetes,Dicistroviridae,Triatovirus,Triatovirus nigereginacellulae
contig_Blueberry_UH12_000000000004,BB_UH12_000004,ApisM_MM__10_26_2021_barcode11,5083,180,304916,775.862069,Positive,Yard A,92395,Black Queen Cell Virus,BQCV,Viruses, Pisuviricota, Picornavirales, Pisoniviricetes,Dicistroviridae,Triatovirus,Triatovirus nigereginacellulae
contig_Blueberry_UH12_000000000004,BB_UH12_000004,ApisM_MM__10_26_2021_barcode12,5083,290,116487,833.3333333,Positive,Yard A,92395,Black Queen Cell Virus,BQCV,Viruses, Pisuviricota, Picornavirales, Pisoniviricetes,Dicistroviridae,Triatovirus,Triatovirus nigereginacellulae
contig_Blueberry_UH12_000000000007,BB_UH12_000007,ApisM_MM__10_26_2021_barcode01,6143,2,202968,66.66666667,Negative,Yard B,294365,Israel Acute Paralysis Virus,IAPV,Viruses, Pisuviricota, Picornavirales, Pisoniviricetes,Dicistroviridae,Aparavirus,Aparavirus israelense
contig_Blueberry_UH12_000000000007,BB_UH12_000007,ApisM_MM__10_26_2021_barcode02,6143,0,201466,0,Negative,Yard B,294365,Israel Acute Paralysis Virus,IAPV,Viruses, Pisuviricota, Picornavirales, Pisoniviricetes,Dicistroviridae,Aparavirus,Aparavirus israelense
contig_Blueberry_UH12_000000000007,BB_UH12_000007,ApisM_MM__10_26_2021_barcode03,6143,0,191616,0,Negative,Yard B,294365,Israel Acute Paralysis Virus,IAPV,Viruses, Pisuviricota, Picornavirales, Pisoniviricetes,Dicistroviridae,Aparavirus,Aparavirus israelense
contig_Blueberry_UH12_000000000007,BB_UH12_000007,ApisM_MM__10_26_2021_barcode04,6143,195,255725,1300,Positive,Yard B,294365,Israel Acute Paralysis Virus,IAPV,Viruses, Pisuviricota, Picornavirales, Pisoniviricetes,Dicistroviridae,Aparavirus,Aparavirus israelense
contig_Blueberry_UH12_000000000007,BB_UH12_000007,ApisM_MM__10_26_2021_barcode05,6143,36,182651,125,Positive,Yard B,294365,Israel Acute Paralysis Virus,IAPV,Viruses, Pisuviricota, Picornavirales, Pisoniviricetes,Dicistroviridae,Aparavirus,Aparavirus israelense
contig_Blueberry_UH12_000000000007,BB_UH12_000007,ApisM_MM__10_26_2021_barcode06,6143,67,237923,507.5757576,Positive,Yard B,294365,Israel Acute Paralysis Virus,IAPV,Viruses, Pisuviricota, Picornavirales, Pisoniviricetes,Dicistroviridae,Aparavirus,Aparavirus israelense
contig_Blueberry_UH12_000000000007,BB_UH12_000007,ApisM_MM__10_26_2021_barcode07,6143,0,192210,0,Negative,Yard A,294365,Israel Acute Paralysis Virus,IAPV,Viruses, Pisuviricota, Picornavirales, Pisoniviricetes,Dicistroviridae,Aparavirus,Aparavirus israelense
contig_Blueberry_UH12_000000000007,BB_UH12_000007,ApisM_MM__10_26_2021_barcode08,6143,7,157150,50.35971223,Negative,Yard A,294365,Israel Acute Paralysis Virus,IAPV,Viruses, Pisuviricota, Picornavirales, Pisoniviricetes,Dicistroviridae,Aparavirus,Aparavirus israelense
contig_Blueberry_UH12_000000000007,BB_UH12_000007,ApisM_MM__10_26_2021_barcode09,6143,1,249428,50,Negative,Yard A,294365,Israel Acute Paralysis Virus,IAPV,Viruses, Pisuviricota, Picornavirales, Pisoniviricetes,Dicistroviridae,Aparavirus,Aparavirus israelense
contig_Blueberry_UH12_000000000007,BB_UH12_000007,ApisM_MM__10_26_2021_barcode10,6143,40,83425,139.3728223,Positive,Yard A,294365,Israel Acute Paralysis Virus,IAPV,Viruses, Pisuviricota, Picornavirales, Pisoniviricetes,Dicistroviridae,Aparavirus,Aparavirus israelense
contig_Blueberry_UH12_000000000007,BB_UH12_000007,ApisM_MM__10_26_2021_barcode11,6143,274,304916,1181.034483,Positive,Yard A,294365,Israel Acute Paralysis Virus,IAPV,Viruses, Pisuviricota, Picornavirales, Pisoniviricetes,Dicistroviridae,Aparavirus,Aparavirus israelense
contig_Blueberry_UH12_000000000007,BB_UH12_000007,ApisM_MM__10_26_2021_barcode12,6143,183,116487,525.862069,Positive,Yard A,294365,Israel Acute Paralysis Virus,IAPV,Viruses, Pisuviricota, Picornavirales, Pisoniviricetes,Dicistroviridae,Aparavirus,Aparavirus israelense
contig_Blueberry_UH12_000000000020,BB_UH12_000020,ApisM_MM__10_26_2021_barcode01,3001,4,202968,133.3333333,Negative,Yard B,232799,Deformed Wing Virus,DWV,Viruses, Pisuviricota, Picornavirales, Pisoniviricetes,Iflaviridae,Iflavirus,NA
contig_Blueberry_UH12_000000000020,BB_UH12_000020,ApisM_MM__10_26_2021_barcode02,3001,0,201466,0,Negative,Yard B,232799,Deformed Wing Virus,DWV,Viruses, Pisuviricota, Picornavirales, Pisoniviricetes,Iflaviridae,Iflavirus,NA
contig_Blueberry_UH12_000000000020,BB_UH12_000020,ApisM_MM__10_26_2021_barcode03,3001,0,191616,0,Negative,Yard B,232799,Deformed Wing Virus,DWV,Viruses, Pisuviricota, Picornavirales, Pisoniviricetes,Iflaviridae,Iflavirus,NA
contig_Blueberry_UH12_000000000020,BB_UH12_000020,ApisM_MM__10_26_2021_barcode04,3001,0,255725,0,Positive,Yard B,232799,Deformed Wing Virus,DWV,Viruses, Pisuviricota, Picornavirales, Pisoniviricetes,Iflaviridae,Iflavirus,NA
contig_Blueberry_UH12_000000000020,BB_UH12_000020,ApisM_MM__10_26_2021_barcode05,3001,9,182651,31.25,Positive,Yard B,232799,Deformed Wing Virus,DWV,Viruses, Pisuviricota, Picornavirales, Pisoniviricetes,Iflaviridae,Iflavirus,NA
contig_Blueberry_UH12_000000000020,BB_UH12_000020,ApisM_MM__10_26_2021_barcode06,3001,1,237923,7.575757576,Positive,Yard B,232799,Deformed Wing Virus,DWV,Viruses, Pisuviricota, Picornavirales, Pisoniviricetes,Iflaviridae,Iflavirus,NA
contig_Blueberry_UH12_000000000020,BB_UH12_000020,ApisM_MM__10_26_2021_barcode07,3001,231,192210,6243.243243,Negative,Yard A,232799,Deformed Wing Virus,DWV,Viruses, Pisuviricota, Picornavirales, Pisoniviricetes,Iflaviridae,Iflavirus,NA
contig_Blueberry_UH12_000000000020,BB_UH12_000020,ApisM_MM__10_26_2021_barcode08,3001,15,157150,107.9136691,Negative,Yard A,232799,Deformed Wing Virus,DWV,Viruses, Pisuviricota, Picornavirales, Pisoniviricetes,Iflaviridae,Iflavirus,NA
contig_Blueberry_UH12_000000000020,BB_UH12_000020,ApisM_MM__10_26_2021_barcode09,3001,1,249428,50,Negative,Yard A,232799,Deformed Wing Virus,DWV,Viruses, Pisuviricota, Picornavirales, Pisoniviricetes,Iflaviridae,Iflavirus,NA
contig_Blueberry_UH12_000000000020,BB_UH12_000020,ApisM_MM__10_26_2021_barcode10,3001,50,83425,174.2160279,Positive,Yard A,232799,Deformed Wing Virus,DWV,Viruses, Pisuviricota, Picornavirales, Pisoniviricetes,Iflaviridae,Iflavirus,NA
contig_Blueberry_UH12_000000000020,BB_UH12_000020,ApisM_MM__10_26_2021_barcode11,3001,8,304916,34.48275862,Positive,Yard A,232799,Deformed Wing Virus,DWV,Viruses, Pisuviricota, Picornavirales, Pisoniviricetes,Iflaviridae,Iflavirus,NA
contig_Blueberry_UH12_000000000020,BB_UH12_000020,ApisM_MM__10_26_2021_barcode12,3001,164,116487,471.2643678,Positive,Yard A,232799,Deformed Wing Virus,DWV,Viruses, Pisuviricota, Picornavirales, Pisoniviricetes,Iflaviridae,Iflavirus,NA
contig_Holding_H02_000000000012,HO_H02_000012,ApisM_MM__10_26_2021_barcode01,3399,1,202968,33.33333333,Negative,Yard B,1547219,Lake Sinai Virus,LSV 3,Viruses, Kitrinoviricota, Nodamuvirales, Magsaviricetes,Sinhaliviridae,Sinaivirus,Lake Sinai virus
contig_Holding_H02_000000000012,HO_H02_000012,ApisM_MM__10_26_2021_barcode02,3399,225,201466,4787.234043,Negative,Yard B,1547219,Lake Sinai Virus,LSV 3,Viruses, Kitrinoviricota, Nodamuvirales, Magsaviricetes,Sinhaliviridae,Sinaivirus,Lake Sinai virus
contig_Holding_H02_000000000012,HO_H02_000012,ApisM_MM__10_26_2021_barcode03,3399,0,191616,0,Negative,Yard B,1547219,Lake Sinai Virus,LSV 3,Viruses, Kitrinoviricota, Nodamuvirales, Magsaviricetes,Sinhaliviridae,Sinaivirus,Lake Sinai virus
contig_Holding_H02_000000000012,HO_H02_000012,ApisM_MM__10_26_2021_barcode04,3399,221,255725,1473.333333,Positive,Yard B,1547219,Lake Sinai Virus,LSV 3,Viruses, Kitrinoviricota, Nodamuvirales, Magsaviricetes,Sinhaliviridae,Sinaivirus,Lake Sinai virus
contig_Holding_H02_000000000012,HO_H02_000012,ApisM_MM__10_26_2021_barcode05,3399,1,182651,3.472222222,Positive,Yard B,1547219,Lake Sinai Virus,LSV 3,Viruses, Kitrinoviricota, Nodamuvirales, Magsaviricetes,Sinhaliviridae,Sinaivirus,Lake Sinai virus
contig_Holding_H02_000000000012,HO_H02_000012,ApisM_MM__10_26_2021_barcode06,3399,14,237923,106.0606061,Positive,Yard B,1547219,Lake Sinai Virus,LSV 3,Viruses, Kitrinoviricota, Nodamuvirales, Magsaviricetes,Sinhaliviridae,Sinaivirus,Lake Sinai virus
contig_Holding_H02_000000000012,HO_H02_000012,ApisM_MM__10_26_2021_barcode07,3399,0,192210,0,Negative,Yard A,1547219,Lake Sinai Virus,LSV 3,Viruses, Kitrinoviricota, Nodamuvirales, Magsaviricetes,Sinhaliviridae,Sinaivirus,Lake Sinai virus
contig_Holding_H02_000000000012,HO_H02_000012,ApisM_MM__10_26_2021_barcode08,3399,0,157150,0,Negative,Yard A,1547219,Lake Sinai Virus,LSV 3,Viruses, Kitrinoviricota, Nodamuvirales, Magsaviricetes,Sinhaliviridae,Sinaivirus,Lake Sinai virus
contig_Holding_H02_000000000012,HO_H02_000012,ApisM_MM__10_26_2021_barcode09,3399,12,249428,600,Negative,Yard A,1547219,Lake Sinai Virus,LSV 3,Viruses, Kitrinoviricota, Nodamuvirales, Magsaviricetes,Sinhaliviridae,Sinaivirus,Lake Sinai virus
contig_Holding_H02_000000000012,HO_H02_000012,ApisM_MM__10_26_2021_barcode10,3399,0,83425,0,Positive,Yard A,1547219,Lake Sinai Virus,LSV 3,Viruses, Kitrinoviricota, Nodamuvirales, Magsaviricetes,Sinhaliviridae,Sinaivirus,Lake Sinai virus
contig_Holding_H02_000000000012,HO_H02_000012,ApisM_MM__10_26_2021_barcode11,3399,8,304916,34.48275862,Positive,Yard A,1547219,Lake Sinai Virus,LSV 3,Viruses, Kitrinoviricota, Nodamuvirales, Magsaviricetes,Sinhaliviridae,Sinaivirus,Lake Sinai virus
contig_Holding_H02_000000000012,HO_H02_000012,ApisM_MM__10_26_2021_barcode12,3399,0,116487,0,Positive,Yard A,1547219,Lake Sinai Virus,LSV 3,Viruses, Kitrinoviricota, Nodamuvirales, Magsaviricetes,Sinhaliviridae,Sinaivirus,Lake Sinai virus
contig_Holding_UH04_000000000001,HO_UH04_000001,ApisM_MM__10_26_2021_barcode01,8587,8,202968,266.6666667,Negative,Yard B,294365,Israel Acute Paralysis Virus,IAPV,Viruses, Pisuviricota, Picornavirales, Pisoniviricetes,Dicistroviridae,Aparavirus,Aparavirus israelense
contig_Holding_UH04_000000000001,HO_UH04_000001,ApisM_MM__10_26_2021_barcode02,8587,9,201466,191.4893617,Negative,Yard B,294365,Israel Acute Paralysis Virus,IAPV,Viruses, Pisuviricota, Picornavirales, Pisoniviricetes,Dicistroviridae,Aparavirus,Aparavirus israelense
contig_Holding_UH04_000000000001,HO_UH04_000001,ApisM_MM__10_26_2021_barcode03,8587,0,191616,0,Negative,Yard B,294365,Israel Acute Paralysis Virus,IAPV,Viruses, Pisuviricota, Picornavirales, Pisoniviricetes,Dicistroviridae,Aparavirus,Aparavirus israelense
contig_Holding_UH04_000000000001,HO_UH04_000001,ApisM_MM__10_26_2021_barcode04,8587,1508,255725,10053.33333,Positive,Yard B,294365,Israel Acute Paralysis Virus,IAPV,Viruses, Pisuviricota, Picornavirales, Pisoniviricetes,Dicistroviridae,Aparavirus,Aparavirus israelense
contig_Holding_UH04_000000000001,HO_UH04_000001,ApisM_MM__10_26_2021_barcode05,8587,114,182651,395.8333333,Positive,Yard B,294365,Israel Acute Paralysis Virus,IAPV,Viruses, Pisuviricota, Picornavirales, Pisoniviricetes,Dicistroviridae,Aparavirus,Aparavirus israelense
contig_Holding_UH04_000000000001,HO_UH04_000001,ApisM_MM__10_26_2021_barcode06,8587,841,237923,6371.212121,Positive,Yard B,294365,Israel Acute Paralysis Virus,IAPV,Viruses, Pisuviricota, Picornavirales, Pisoniviricetes,Dicistroviridae,Aparavirus,Aparavirus israelense
contig_Holding_UH04_000000000001,HO_UH04_000001,ApisM_MM__10_26_2021_barcode07,8587,9,192210,243.2432432,Negative,Yard A,294365,Israel Acute Paralysis Virus,IAPV,Viruses, Pisuviricota, Picornavirales, Pisoniviricetes,Dicistroviridae,Aparavirus,Aparavirus israelense
contig_Holding_UH04_000000000001,HO_UH04_000001,ApisM_MM__10_26_2021_barcode08,8587,42,157150,302.1582734,Negative,Yard A,294365,Israel Acute Paralysis Virus,IAPV,Viruses, Pisuviricota, Picornavirales, Pisoniviricetes,Dicistroviridae,Aparavirus,Aparavirus israelense
contig_Holding_UH04_000000000001,HO_UH04_000001,ApisM_MM__10_26_2021_barcode09,8587,3,249428,150,Negative,Yard A,294365,Israel Acute Paralysis Virus,IAPV,Viruses, Pisuviricota, Picornavirales, Pisoniviricetes,Dicistroviridae,Aparavirus,Aparavirus israelense
contig_Holding_UH04_000000000001,HO_UH04_000001,ApisM_MM__10_26_2021_barcode10,8587,64,83425,222.9965157,Positive,Yard A,294365,Israel Acute Paralysis Virus,IAPV,Viruses, Pisuviricota, Picornavirales, Pisoniviricetes,Dicistroviridae,Aparavirus,Aparavirus israelense
contig_Holding_UH04_000000000001,HO_UH04_000001,ApisM_MM__10_26_2021_barcode11,8587,543,304916,2340.517241,Positive,Yard A,294365,Israel Acute Paralysis Virus,IAPV,Viruses, Pisuviricota, Picornavirales, Pisoniviricetes,Dicistroviridae,Aparavirus,Aparavirus israelense
contig_Holding_UH04_000000000001,HO_UH04_000001,ApisM_MM__10_26_2021_barcode12,8587,160,116487,459.7701149,Positive,Yard A,294365,Israel Acute Paralysis Virus,IAPV,Viruses, Pisuviricota, Picornavirales, Pisoniviricetes,Dicistroviridae,Aparavirus,Aparavirus israelense
contig_Holding_UH04_000000000018,HO_UH04_000018,ApisM_MM__10_26_2021_barcode01,4253,249,202968,8300,Negative,Yard B,1041806,Lake Sinai Virus,LSV,Viruses, Kitrinoviricota, Nodamuvirales, Magsaviricetes,Sinhaliviridae,Sinaivirus,Lake Sinai virus 1
contig_Holding_UH04_000000000018,HO_UH04_000018,ApisM_MM__10_26_2021_barcode02,4253,80,201466,1702.12766,Negative,Yard B,1041806,Lake Sinai Virus,LSV,Viruses, Kitrinoviricota, Nodamuvirales, Magsaviricetes,Sinhaliviridae,Sinaivirus,Lake Sinai virus 1
contig_Holding_UH04_000000000018,HO_UH04_000018,ApisM_MM__10_26_2021_barcode03,4253,1,191616,142.8571429,Negative,Yard B,1041806,Lake Sinai Virus,LSV,Viruses, Kitrinoviricota, Nodamuvirales, Magsaviricetes,Sinhaliviridae,Sinaivirus,Lake Sinai virus 1
contig_Holding_UH04_000000000018,HO_UH04_000018,ApisM_MM__10_26_2021_barcode04,4253,757,255725,5046.666667,Positive,Yard B,1041806,Lake Sinai Virus,LSV,Viruses, Kitrinoviricota, Nodamuvirales, Magsaviricetes,Sinhaliviridae,Sinaivirus,Lake Sinai virus 1
contig_Holding_UH04_000000000018,HO_UH04_000018,ApisM_MM__10_26_2021_barcode05,4253,2,182651,6.944444444,Positive,Yard B,1041806,Lake Sinai Virus,LSV,Viruses, Kitrinoviricota, Nodamuvirales, Magsaviricetes,Sinhaliviridae,Sinaivirus,Lake Sinai virus 1
contig_Holding_UH04_000000000018,HO_UH04_000018,ApisM_MM__10_26_2021_barcode06,4253,652,237923,4939.393939,Positive,Yard B,1041806,Lake Sinai Virus,LSV,Viruses, Kitrinoviricota, Nodamuvirales, Magsaviricetes,Sinhaliviridae,Sinaivirus,Lake Sinai virus 1
contig_Holding_UH04_000000000018,HO_UH04_000018,ApisM_MM__10_26_2021_barcode07,4253,0,192210,0,Negative,Yard A,1041806,Lake Sinai Virus,LSV,Viruses, Kitrinoviricota, Nodamuvirales, Magsaviricetes,Sinhaliviridae,Sinaivirus,Lake Sinai virus 1
contig_Holding_UH04_000000000018,HO_UH04_000018,ApisM_MM__10_26_2021_barcode08,4253,1,157150,7.194244604,Negative,Yard A,1041806,Lake Sinai Virus,LSV,Viruses, Kitrinoviricota, Nodamuvirales, Magsaviricetes,Sinhaliviridae,Sinaivirus,Lake Sinai virus 1
contig_Holding_UH04_000000000018,HO_UH04_000018,ApisM_MM__10_26_2021_barcode09,4253,3,249428,150,Negative,Yard A,1041806,Lake Sinai Virus,LSV,Viruses, Kitrinoviricota, Nodamuvirales, Magsaviricetes,Sinhaliviridae,Sinaivirus,Lake Sinai virus 1
contig_Holding_UH04_000000000018,HO_UH04_000018,ApisM_MM__10_26_2021_barcode10,4253,1,83425,3.484320557,Positive,Yard A,1041806,Lake Sinai Virus,LSV,Viruses, Kitrinoviricota, Nodamuvirales, Magsaviricetes,Sinhaliviridae,Sinaivirus,Lake Sinai virus 1
contig_Holding_UH04_000000000018,HO_UH04_000018,ApisM_MM__10_26_2021_barcode11,4253,0,304916,0,Positive,Yard A,1041806,Lake Sinai Virus,LSV,Viruses, Kitrinoviricota, Nodamuvirales, Magsaviricetes,Sinhaliviridae,Sinaivirus,Lake Sinai virus 1
contig_Holding_UH04_000000000018,HO_UH04_000018,ApisM_MM__10_26_2021_barcode12,4253,48,116487,137.9310345,Positive,Yard A,1041806,Lake Sinai Virus,LSV,Viruses, Kitrinoviricota, Nodamuvirales, Magsaviricetes,Sinhaliviridae,Sinaivirus,Lake Sinai virus 1
contig_Holding_UH04_000000000023,HO_UH04_000023,ApisM_MM__10_26_2021_barcode01,5441,417,202968,13900,Negative,Yard B,1547219,Lake Sinai Virus,LSV,Viruses, Kitrinoviricota, Nodamuvirales, Magsaviricetes,Sinhaliviridae,Sinaivirus,Lake Sinai virus
contig_Holding_UH04_000000000023,HO_UH04_000023,ApisM_MM__10_26_2021_barcode02,5441,331,201466,7042.553191,Negative,Yard B,1547219,Lake Sinai Virus,LSV,Viruses, Kitrinoviricota, Nodamuvirales, Magsaviricetes,Sinhaliviridae,Sinaivirus,Lake Sinai virus
contig_Holding_UH04_000000000023,HO_UH04_000023,ApisM_MM__10_26_2021_barcode03,5441,1,191616,142.8571429,Negative,Yard B,1547219,Lake Sinai Virus,LSV,Viruses, Kitrinoviricota, Nodamuvirales, Magsaviricetes,Sinhaliviridae,Sinaivirus,Lake Sinai virus
contig_Holding_UH04_000000000023,HO_UH04_000023,ApisM_MM__10_26_2021_barcode04,5441,1277,255725,8513.333333,Positive,Yard B,1547219,Lake Sinai Virus,LSV,Viruses, Kitrinoviricota, Nodamuvirales, Magsaviricetes,Sinhaliviridae,Sinaivirus,Lake Sinai virus
contig_Holding_UH04_000000000023,HO_UH04_000023,ApisM_MM__10_26_2021_barcode05,5441,579,182651,2010.416667,Positive,Yard B,1547219,Lake Sinai Virus,LSV,Viruses, Kitrinoviricota, Nodamuvirales, Magsaviricetes,Sinhaliviridae,Sinaivirus,Lake Sinai virus
contig_Holding_UH04_000000000023,HO_UH04_000023,ApisM_MM__10_26_2021_barcode06,5441,606,237923,4590.909091,Positive,Yard B,1547219,Lake Sinai Virus,LSV,Viruses, Kitrinoviricota, Nodamuvirales, Magsaviricetes,Sinhaliviridae,Sinaivirus,Lake Sinai virus
contig_Holding_UH04_000000000023,HO_UH04_000023,ApisM_MM__10_26_2021_barcode07,5441,4,192210,108.1081081,Negative,Yard A,1547219,Lake Sinai Virus,LSV,Viruses, Kitrinoviricota, Nodamuvirales, Magsaviricetes,Sinhaliviridae,Sinaivirus,Lake Sinai virus
contig_Holding_UH04_000000000023,HO_UH04_000023,ApisM_MM__10_26_2021_barcode08,5441,0,157150,0,Negative,Yard A,1547219,Lake Sinai Virus,LSV,Viruses, Kitrinoviricota, Nodamuvirales, Magsaviricetes,Sinhaliviridae,Sinaivirus,Lake Sinai virus
contig_Holding_UH04_000000000023,HO_UH04_000023,ApisM_MM__10_26_2021_barcode09,5441,3,249428,150,Negative,Yard A,1547219,Lake Sinai Virus,LSV,Viruses, Kitrinoviricota, Nodamuvirales, Magsaviricetes,Sinhaliviridae,Sinaivirus,Lake Sinai virus
contig_Holding_UH04_000000000023,HO_UH04_000023,ApisM_MM__10_26_2021_barcode10,5441,23,83425,80.13937282,Positive,Yard A,1547219,Lake Sinai Virus,LSV,Viruses, Kitrinoviricota, Nodamuvirales, Magsaviricetes,Sinhaliviridae,Sinaivirus,Lake Sinai virus
contig_Holding_UH04_000000000023,HO_UH04_000023,ApisM_MM__10_26_2021_barcode11,5441,691,304916,2978.448276,Positive,Yard A,1547219,Lake Sinai Virus,LSV,Viruses, Kitrinoviricota, Nodamuvirales, Magsaviricetes,Sinhaliviridae,Sinaivirus,Lake Sinai virus
contig_Holding_UH04_000000000023,HO_UH04_000023,ApisM_MM__10_26_2021_barcode12,5441,33,116487,94.82758621,Positive,Yard A,1547219,Lake Sinai Virus,LSV,Viruses, Kitrinoviricota, Nodamuvirales, Magsaviricetes,Sinhaliviridae,Sinaivirus,Lake Sinai virus
contig_Holding_UH04_000000000025,HO_UH04_000025,ApisM_MM__10_26_2021_barcode01,3483,1,202968,33.33333333,Negative,Yard B,92395,Black Queen Cell Virus,BQCV,Viruses, Pisuviricota, Picornavirales, Pisoniviricetes,Dicistroviridae,Triatovirus,Triatovirus nigereginacellulae
contig_Holding_UH04_000000000025,HO_UH04_000025,ApisM_MM__10_26_2021_barcode02,3483,45,201466,957.4468085,Negative,Yard B,92395,Black Queen Cell Virus,BQCV,Viruses, Pisuviricota, Picornavirales, Pisoniviricetes,Dicistroviridae,Triatovirus,Triatovirus nigereginacellulae
contig_Holding_UH04_000000000025,HO_UH04_000025,ApisM_MM__10_26_2021_barcode03,3483,0,191616,0,Negative,Yard B,92395,Black Queen Cell Virus,BQCV,Viruses, Pisuviricota, Picornavirales, Pisoniviricetes,Dicistroviridae,Triatovirus,Triatovirus nigereginacellulae
contig_Holding_UH04_000000000025,HO_UH04_000025,ApisM_MM__10_26_2021_barcode04,3483,169,255725,1126.666667,Positive,Yard B,92395,Black Queen Cell Virus,BQCV,Viruses, Pisuviricota, Picornavirales, Pisoniviricetes,Dicistroviridae,Triatovirus,Triatovirus nigereginacellulae
contig_Holding_UH04_000000000025,HO_UH04_000025,ApisM_MM__10_26_2021_barcode05,3483,19,182651,65.97222222,Positive,Yard B,92395,Black Queen Cell Virus,BQCV,Viruses, Pisuviricota, Picornavirales, Pisoniviricetes,Dicistroviridae,Triatovirus,Triatovirus nigereginacellulae
contig_Holding_UH04_000000000025,HO_UH04_000025,ApisM_MM__10_26_2021_barcode06,3483,14,237923,106.0606061,Positive,Yard B,92395,Black Queen Cell Virus,BQCV,Viruses, Pisuviricota, Picornavirales, Pisoniviricetes,Dicistroviridae,Triatovirus,Triatovirus nigereginacellulae
contig_Holding_UH04_000000000025,HO_UH04_000025,ApisM_MM__10_26_2021_barcode07,3483,1,192210,27.02702703,Negative,Yard A,92395,Black Queen Cell Virus,BQCV,Viruses, Pisuviricota, Picornavirales, Pisoniviricetes,Dicistroviridae,Triatovirus,Triatovirus nigereginacellulae
contig_Holding_UH04_000000000025,HO_UH04_000025,ApisM_MM__10_26_2021_barcode08,3483,20,157150,143.8848921,Negative,Yard A,92395,Black Queen Cell Virus,BQCV,Viruses, Pisuviricota, Picornavirales, Pisoniviricetes,Dicistroviridae,Triatovirus,Triatovirus nigereginacellulae
contig_Holding_UH04_000000000025,HO_UH04_000025,ApisM_MM__10_26_2021_barcode09,3483,6,249428,300,Negative,Yard A,92395,Black Queen Cell Virus,BQCV,Viruses, Pisuviricota, Picornavirales, Pisoniviricetes,Dicistroviridae,Triatovirus,Triatovirus nigereginacellulae
contig_Holding_UH04_000000000025,HO_UH04_000025,ApisM_MM__10_26_2021_barcode10,3483,14,83425,48.7804878,Positive,Yard A,92395,Black Queen Cell Virus,BQCV,Viruses, Pisuviricota, Picornavirales, Pisoniviricetes,Dicistroviridae,Triatovirus,Triatovirus nigereginacellulae
contig_Holding_UH04_000000000025,HO_UH04_000025,ApisM_MM__10_26_2021_barcode11,3483,79,304916,340.5172414,Positive,Yard A,92395,Black Queen Cell Virus,BQCV,Viruses, Pisuviricota, Picornavirales, Pisoniviricetes,Dicistroviridae,Triatovirus,Triatovirus nigereginacellulae
contig_Holding_UH04_000000000025,HO_UH04_000025,ApisM_MM__10_26_2021_barcode12,3483,31,116487,89.08045977,Positive,Yard A,92395,Black Queen Cell Virus,BQCV,Viruses, Pisuviricota, Picornavirales, Pisoniviricetes,Dicistroviridae,Triatovirus,Triatovirus nigereginacellulae
contig_Holding_UH05_000000000009,HO_UH05_000009,ApisM_MM__10_26_2021_barcode01,3293,34,202968,1133.333333,Negative,Yard B,1547219,Lake Sinai Virus,LSV,Viruses, Kitrinoviricota, Nodamuvirales, Magsaviricetes,Sinhaliviridae,Sinaivirus,Lake Sinai virus
contig_Holding_UH05_000000000009,HO_UH05_000009,ApisM_MM__10_26_2021_barcode02,3293,12,201466,255.3191489,Negative,Yard B,1547219,Lake Sinai Virus,LSV,Viruses, Kitrinoviricota, Nodamuvirales, Magsaviricetes,Sinhaliviridae,Sinaivirus,Lake Sinai virus
contig_Holding_UH05_000000000009,HO_UH05_000009,ApisM_MM__10_26_2021_barcode03,3293,0,191616,0,Negative,Yard B,1547219,Lake Sinai Virus,LSV,Viruses, Kitrinoviricota, Nodamuvirales, Magsaviricetes,Sinhaliviridae,Sinaivirus,Lake Sinai virus
contig_Holding_UH05_000000000009,HO_UH05_000009,ApisM_MM__10_26_2021_barcode04,3293,65,255725,433.3333333,Positive,Yard B,1547219,Lake Sinai Virus,LSV,Viruses, Kitrinoviricota, Nodamuvirales, Magsaviricetes,Sinhaliviridae,Sinaivirus,Lake Sinai virus
contig_Holding_UH05_000000000009,HO_UH05_000009,ApisM_MM__10_26_2021_barcode05,3293,124,182651,430.5555556,Positive,Yard B,1547219,Lake Sinai Virus,LSV,Viruses, Kitrinoviricota, Nodamuvirales, Magsaviricetes,Sinhaliviridae,Sinaivirus,Lake Sinai virus
contig_Holding_UH05_000000000009,HO_UH05_000009,ApisM_MM__10_26_2021_barcode06,3293,53,237923,401.5151515,Positive,Yard B,1547219,Lake Sinai Virus,LSV,Viruses, Kitrinoviricota, Nodamuvirales, Magsaviricetes,Sinhaliviridae,Sinaivirus,Lake Sinai virus
contig_Holding_UH05_000000000009,HO_UH05_000009,ApisM_MM__10_26_2021_barcode07,3293,0,192210,0,Negative,Yard A,1547219,Lake Sinai Virus,LSV,Viruses, Kitrinoviricota, Nodamuvirales, Magsaviricetes,Sinhaliviridae,Sinaivirus,Lake Sinai virus
contig_Holding_UH05_000000000009,HO_UH05_000009,ApisM_MM__10_26_2021_barcode08,3293,1,157150,7.194244604,Negative,Yard A,1547219,Lake Sinai Virus,LSV,Viruses, Kitrinoviricota, Nodamuvirales, Magsaviricetes,Sinhaliviridae,Sinaivirus,Lake Sinai virus
contig_Holding_UH05_000000000009,HO_UH05_000009,ApisM_MM__10_26_2021_barcode09,3293,0,249428,0,Negative,Yard A,1547219,Lake Sinai Virus,LSV,Viruses, Kitrinoviricota, Nodamuvirales, Magsaviricetes,Sinhaliviridae,Sinaivirus,Lake Sinai virus
contig_Holding_UH05_000000000009,HO_UH05_000009,ApisM_MM__10_26_2021_barcode10,3293,2,83425,6.968641115,Positive,Yard A,1547219,Lake Sinai Virus,LSV,Viruses, Kitrinoviricota, Nodamuvirales, Magsaviricetes,Sinhaliviridae,Sinaivirus,Lake Sinai virus
contig_Holding_UH05_000000000009,HO_UH05_000009,ApisM_MM__10_26_2021_barcode11,3293,46,304916,198.2758621,Positive,Yard A,1547219,Lake Sinai Virus,LSV,Viruses, Kitrinoviricota, Nodamuvirales, Magsaviricetes,Sinhaliviridae,Sinaivirus,Lake Sinai virus
contig_Holding_UH05_000000000009,HO_UH05_000009,ApisM_MM__10_26_2021_barcode12,3293,4,116487,11.49425287,Positive,Yard A,1547219,Lake Sinai Virus,LSV,Viruses, Kitrinoviricota, Nodamuvirales, Magsaviricetes,Sinhaliviridae,Sinaivirus,Lake Sinai virus
contig_Holding_UH05_000000000012,HO_UH05_000012,ApisM_MM__10_26_2021_barcode01,3235,0,202968,0,Negative,Yard B,92395,Black Queen Cell Virus,BQCV,Viruses, Pisuviricota, Picornavirales, Pisoniviricetes,Dicistroviridae,Triatovirus,Triatovirus nigereginacellulae
contig_Holding_UH05_000000000012,HO_UH05_000012,ApisM_MM__10_26_2021_barcode02,3235,31,201466,659.5744681,Negative,Yard B,92395,Black Queen Cell Virus,BQCV,Viruses, Pisuviricota, Picornavirales, Pisoniviricetes,Dicistroviridae,Triatovirus,Triatovirus nigereginacellulae
contig_Holding_UH05_000000000012,HO_UH05_000012,ApisM_MM__10_26_2021_barcode03,3235,1,191616,142.8571429,Negative,Yard B,92395,Black Queen Cell Virus,BQCV,Viruses, Pisuviricota, Picornavirales, Pisoniviricetes,Dicistroviridae,Triatovirus,Triatovirus nigereginacellulae
contig_Holding_UH05_000000000012,HO_UH05_000012,ApisM_MM__10_26_2021_barcode04,3235,16,255725,106.6666667,Positive,Yard B,92395,Black Queen Cell Virus,BQCV,Viruses, Pisuviricota, Picornavirales, Pisoniviricetes,Dicistroviridae,Triatovirus,Triatovirus nigereginacellulae
contig_Holding_UH05_000000000012,HO_UH05_000012,ApisM_MM__10_26_2021_barcode05,3235,140,182651,486.1111111,Positive,Yard B,92395,Black Queen Cell Virus,BQCV,Viruses, Pisuviricota, Picornavirales, Pisoniviricetes,Dicistroviridae,Triatovirus,Triatovirus nigereginacellulae
contig_Holding_UH05_000000000012,HO_UH05_000012,ApisM_MM__10_26_2021_barcode06,3235,11,237923,83.33333333,Positive,Yard B,92395,Black Queen Cell Virus,BQCV,Viruses, Pisuviricota, Picornavirales, Pisoniviricetes,Dicistroviridae,Triatovirus,Triatovirus nigereginacellulae
contig_Holding_UH05_000000000012,HO_UH05_000012,ApisM_MM__10_26_2021_barcode07,3235,2,192210,54.05405405,Negative,Yard A,92395,Black Queen Cell Virus,BQCV,Viruses, Pisuviricota, Picornavirales, Pisoniviricetes,Dicistroviridae,Triatovirus,Triatovirus nigereginacellulae
contig_Holding_UH05_000000000012,HO_UH05_000012,ApisM_MM__10_26_2021_barcode08,3235,19,157150,136.6906475,Negative,Yard A,92395,Black Queen Cell Virus,BQCV,Viruses, Pisuviricota, Picornavirales, Pisoniviricetes,Dicistroviridae,Triatovirus,Triatovirus nigereginacellulae
contig_Holding_UH05_000000000012,HO_UH05_000012,ApisM_MM__10_26_2021_barcode09,3235,3,249428,150,Negative,Yard A,92395,Black Queen Cell Virus,BQCV,Viruses, Pisuviricota, Picornavirales, Pisoniviricetes,Dicistroviridae,Triatovirus,Triatovirus nigereginacellulae
contig_Holding_UH05_000000000012,HO_UH05_000012,ApisM_MM__10_26_2021_barcode10,3235,16,83425,55.74912892,Positive,Yard A,92395,Black Queen Cell Virus,BQCV,Viruses, Pisuviricota, Picornavirales, Pisoniviricetes,Dicistroviridae,Triatovirus,Triatovirus nigereginacellulae
contig_Holding_UH05_000000000012,HO_UH05_000012,ApisM_MM__10_26_2021_barcode11,3235,21,304916,90.51724138,Positive,Yard A,92395,Black Queen Cell Virus,BQCV,Viruses, Pisuviricota, Picornavirales, Pisoniviricetes,Dicistroviridae,Triatovirus,Triatovirus nigereginacellulae
contig_Holding_UH05_000000000012,HO_UH05_000012,ApisM_MM__10_26_2021_barcode12,3235,21,116487,60.34482759,Positive,Yard A,92395,Black Queen Cell Virus,BQCV,Viruses, Pisuviricota, Picornavirales, Pisoniviricetes,Dicistroviridae,Triatovirus,Triatovirus nigereginacellulae
contig_Holding_UH05_000000000019,HO_UH05_000019,ApisM_MM__10_26_2021_barcode01,4885,59,202968,1966.666667,Negative,Yard B,1547219,Lake Sinai Virus,LSV 8,Viruses, Kitrinoviricota, Nodamuvirales, Magsaviricetes,Sinhaliviridae,Sinaivirus,Lake Sinai virus
contig_Holding_UH05_000000000019,HO_UH05_000019,ApisM_MM__10_26_2021_barcode02,4885,6,201466,127.6595745,Negative,Yard B,1547219,Lake Sinai Virus,LSV 8,Viruses, Kitrinoviricota, Nodamuvirales, Magsaviricetes,Sinhaliviridae,Sinaivirus,Lake Sinai virus
contig_Holding_UH05_000000000019,HO_UH05_000019,ApisM_MM__10_26_2021_barcode03,4885,94,191616,13428.57143,Negative,Yard B,1547219,Lake Sinai Virus,LSV 8,Viruses, Kitrinoviricota, Nodamuvirales, Magsaviricetes,Sinhaliviridae,Sinaivirus,Lake Sinai virus
contig_Holding_UH05_000000000019,HO_UH05_000019,ApisM_MM__10_26_2021_barcode04,4885,0,255725,0,Positive,Yard B,1547219,Lake Sinai Virus,LSV 8,Viruses, Kitrinoviricota, Nodamuvirales, Magsaviricetes,Sinhaliviridae,Sinaivirus,Lake Sinai virus
contig_Holding_UH05_000000000019,HO_UH05_000019,ApisM_MM__10_26_2021_barcode05,4885,630,182651,2187.5,Positive,Yard B,1547219,Lake Sinai Virus,LSV 8,Viruses, Kitrinoviricota, Nodamuvirales, Magsaviricetes,Sinhaliviridae,Sinaivirus,Lake Sinai virus
contig_Holding_UH05_000000000019,HO_UH05_000019,ApisM_MM__10_26_2021_barcode06,4885,43,237923,325.7575758,Positive,Yard B,1547219,Lake Sinai Virus,LSV 8,Viruses, Kitrinoviricota, Nodamuvirales, Magsaviricetes,Sinhaliviridae,Sinaivirus,Lake Sinai virus
contig_Holding_UH05_000000000019,HO_UH05_000019,ApisM_MM__10_26_2021_barcode07,4885,1,192210,27.02702703,Negative,Yard A,1547219,Lake Sinai Virus,LSV 8,Viruses, Kitrinoviricota, Nodamuvirales, Magsaviricetes,Sinhaliviridae,Sinaivirus,Lake Sinai virus
contig_Holding_UH05_000000000019,HO_UH05_000019,ApisM_MM__10_26_2021_barcode08,4885,0,157150,0,Negative,Yard A,1547219,Lake Sinai Virus,LSV 8,Viruses, Kitrinoviricota, Nodamuvirales, Magsaviricetes,Sinhaliviridae,Sinaivirus,Lake Sinai virus
contig_Holding_UH05_000000000019,HO_UH05_000019,ApisM_MM__10_26_2021_barcode09,4885,0,249428,0,Negative,Yard A,1547219,Lake Sinai Virus,LSV 8,Viruses, Kitrinoviricota, Nodamuvirales, Magsaviricetes,Sinhaliviridae,Sinaivirus,Lake Sinai virus
contig_Holding_UH05_000000000019,HO_UH05_000019,ApisM_MM__10_26_2021_barcode10,4885,0,83425,0,Positive,Yard A,1547219,Lake Sinai Virus,LSV 8,Viruses, Kitrinoviricota, Nodamuvirales, Magsaviricetes,Sinhaliviridae,Sinaivirus,Lake Sinai virus
contig_Holding_UH05_000000000019,HO_UH05_000019,ApisM_MM__10_26_2021_barcode11,4885,1,304916,4.310344828,Positive,Yard A,1547219,Lake Sinai Virus,LSV 8,Viruses, Kitrinoviricota, Nodamuvirales, Magsaviricetes,Sinhaliviridae,Sinaivirus,Lake Sinai virus
contig_Holding_UH05_000000000019,HO_UH05_000019,ApisM_MM__10_26_2021_barcode12,4885,0,116487,0,Positive,Yard A,1547219,Lake Sinai Virus,LSV 8,Viruses, Kitrinoviricota, Nodamuvirales, Magsaviricetes,Sinhaliviridae,Sinaivirus,Lake Sinai virus
contig_Holding_UH05_000000000034,HO_UH05_000034,ApisM_MM__10_26_2021_barcode01,4262,0,202968,0,Negative,Yard B,1547219,Lake Sinai Virus,LSV 3,Viruses, Kitrinoviricota, Nodamuvirales, Magsaviricetes,Sinhaliviridae,Sinaivirus,Lake Sinai virus
contig_Holding_UH05_000000000034,HO_UH05_000034,ApisM_MM__10_26_2021_barcode02,4262,5,201466,106.3829787,Negative,Yard B,1547219,Lake Sinai Virus,LSV 3,Viruses, Kitrinoviricota, Nodamuvirales, Magsaviricetes,Sinhaliviridae,Sinaivirus,Lake Sinai virus
contig_Holding_UH05_000000000034,HO_UH05_000034,ApisM_MM__10_26_2021_barcode03,4262,0,191616,0,Negative,Yard B,1547219,Lake Sinai Virus,LSV 3,Viruses, Kitrinoviricota, Nodamuvirales, Magsaviricetes,Sinhaliviridae,Sinaivirus,Lake Sinai virus
contig_Holding_UH05_000000000034,HO_UH05_000034,ApisM_MM__10_26_2021_barcode04,4262,3,255725,20,Positive,Yard B,1547219,Lake Sinai Virus,LSV 3,Viruses, Kitrinoviricota, Nodamuvirales, Magsaviricetes,Sinhaliviridae,Sinaivirus,Lake Sinai virus
contig_Holding_UH05_000000000034,HO_UH05_000034,ApisM_MM__10_26_2021_barcode05,4262,545,182651,1892.361111,Positive,Yard B,1547219,Lake Sinai Virus,LSV 3,Viruses, Kitrinoviricota, Nodamuvirales, Magsaviricetes,Sinhaliviridae,Sinaivirus,Lake Sinai virus
contig_Holding_UH05_000000000034,HO_UH05_000034,ApisM_MM__10_26_2021_barcode06,4262,1,237923,7.575757576,Positive,Yard B,1547219,Lake Sinai Virus,LSV 3,Viruses, Kitrinoviricota, Nodamuvirales, Magsaviricetes,Sinhaliviridae,Sinaivirus,Lake Sinai virus
contig_Holding_UH05_000000000034,HO_UH05_000034,ApisM_MM__10_26_2021_barcode07,4262,2,192210,54.05405405,Negative,Yard A,1547219,Lake Sinai Virus,LSV 3,Viruses, Kitrinoviricota, Nodamuvirales, Magsaviricetes,Sinhaliviridae,Sinaivirus,Lake Sinai virus
contig_Holding_UH05_000000000034,HO_UH05_000034,ApisM_MM__10_26_2021_barcode08,4262,0,157150,0,Negative,Yard A,1547219,Lake Sinai Virus,LSV 3,Viruses, Kitrinoviricota, Nodamuvirales, Magsaviricetes,Sinhaliviridae,Sinaivirus,Lake Sinai virus
contig_Holding_UH05_000000000034,HO_UH05_000034,ApisM_MM__10_26_2021_barcode09,4262,0,249428,0,Negative,Yard A,1547219,Lake Sinai Virus,LSV 3,Viruses, Kitrinoviricota, Nodamuvirales, Magsaviricetes,Sinhaliviridae,Sinaivirus,Lake Sinai virus
contig_Holding_UH05_000000000034,HO_UH05_000034,ApisM_MM__10_26_2021_barcode10,4262,349,83425,1216.027875,Positive,Yard A,1547219,Lake Sinai Virus,LSV 3,Viruses, Kitrinoviricota, Nodamuvirales, Magsaviricetes,Sinhaliviridae,Sinaivirus,Lake Sinai virus
contig_Holding_UH05_000000000034,HO_UH05_000034,ApisM_MM__10_26_2021_barcode11,4262,0,304916,0,Positive,Yard A,1547219,Lake Sinai Virus,LSV 3,Viruses, Kitrinoviricota, Nodamuvirales, Magsaviricetes,Sinhaliviridae,Sinaivirus,Lake Sinai virus
contig_Holding_UH05_000000000034,HO_UH05_000034,ApisM_MM__10_26_2021_barcode12,4262,1,116487,2.873563218,Positive,Yard A,1547219,Lake Sinai Virus,LSV 3,Viruses, Kitrinoviricota, Nodamuvirales, Magsaviricetes,Sinhaliviridae,Sinaivirus,Lake Sinai virus
contig_Holding_UH06_000000000005,HO_UH06_000005,ApisM_MM__10_26_2021_barcode01,8791,165,202968,5500,Negative,Yard B,89463,Sacbrood Virus,SBV,Viruses, Pisuviricota, Picornavirales, Pisoniviricetes,Iflaviridae,Iflavirus,Iflavirus sacbroodi
contig_Holding_UH06_000000000005,HO_UH06_000005,ApisM_MM__10_26_2021_barcode02,8791,53,201466,1127.659574,Negative,Yard B,89463,Sacbrood Virus,SBV,Viruses, Pisuviricota, Picornavirales, Pisoniviricetes,Iflaviridae,Iflavirus,Iflavirus sacbroodi
contig_Holding_UH06_000000000005,HO_UH06_000005,ApisM_MM__10_26_2021_barcode03,8791,11,191616,1571.428571,Negative,Yard B,89463,Sacbrood Virus,SBV,Viruses, Pisuviricota, Picornavirales, Pisoniviricetes,Iflaviridae,Iflavirus,Iflavirus sacbroodi
contig_Holding_UH06_000000000005,HO_UH06_000005,ApisM_MM__10_26_2021_barcode04,8791,308,255725,2053.333333,Positive,Yard B,89463,Sacbrood Virus,SBV,Viruses, Pisuviricota, Picornavirales, Pisoniviricetes,Iflaviridae,Iflavirus,Iflavirus sacbroodi
contig_Holding_UH06_000000000005,HO_UH06_000005,ApisM_MM__10_26_2021_barcode05,8791,1498,182651,5201.388889,Positive,Yard B,89463,Sacbrood Virus,SBV,Viruses, Pisuviricota, Picornavirales, Pisoniviricetes,Iflaviridae,Iflavirus,Iflavirus sacbroodi
contig_Holding_UH06_000000000005,HO_UH06_000005,ApisM_MM__10_26_2021_barcode06,8791,7709,237923,58401.51515,Positive,Yard B,89463,Sacbrood Virus,SBV,Viruses, Pisuviricota, Picornavirales, Pisoniviricetes,Iflaviridae,Iflavirus,Iflavirus sacbroodi
contig_Holding_UH06_000000000005,HO_UH06_000005,ApisM_MM__10_26_2021_barcode07,8791,1098,192210,29675.67568,Negative,Yard A,89463,Sacbrood Virus,SBV,Viruses, Pisuviricota, Picornavirales, Pisoniviricetes,Iflaviridae,Iflavirus,Iflavirus sacbroodi
contig_Holding_UH06_000000000005,HO_UH06_000005,ApisM_MM__10_26_2021_barcode08,8791,3111,157150,22381.29496,Negative,Yard A,89463,Sacbrood Virus,SBV,Viruses, Pisuviricota, Picornavirales, Pisoniviricetes,Iflaviridae,Iflavirus,Iflavirus sacbroodi
contig_Holding_UH06_000000000005,HO_UH06_000005,ApisM_MM__10_26_2021_barcode09,8791,11,249428,550,Negative,Yard A,89463,Sacbrood Virus,SBV,Viruses, Pisuviricota, Picornavirales, Pisoniviricetes,Iflaviridae,Iflavirus,Iflavirus sacbroodi
contig_Holding_UH06_000000000005,HO_UH06_000005,ApisM_MM__10_26_2021_barcode10,8791,599,83425,2087.108014,Positive,Yard A,89463,Sacbrood Virus,SBV,Viruses, Pisuviricota, Picornavirales, Pisoniviricetes,Iflaviridae,Iflavirus,Iflavirus sacbroodi
contig_Holding_UH06_000000000005,HO_UH06_000005,ApisM_MM__10_26_2021_barcode11,8791,22,304916,94.82758621,Positive,Yard A,89463,Sacbrood Virus,SBV,Viruses, Pisuviricota, Picornavirales, Pisoniviricetes,Iflaviridae,Iflavirus,Iflavirus sacbroodi
contig_Holding_UH06_000000000005,HO_UH06_000005,ApisM_MM__10_26_2021_barcode12,8791,30,116487,86.20689655,Positive,Yard A,89463,Sacbrood Virus,SBV,Viruses, Pisuviricota, Picornavirales, Pisoniviricetes,Iflaviridae,Iflavirus,Iflavirus sacbroodi
contig_Holding_UH06_000000000008,HO_UH06_000008,ApisM_MM__10_26_2021_barcode01,3746,18,202968,600,Negative,Yard B,1547219,Lake Sinai Virus,LSV 8,Viruses, Kitrinoviricota, Nodamuvirales, Magsaviricetes,Sinhaliviridae,Sinaivirus,Lake Sinai virus
contig_Holding_UH06_000000000008,HO_UH06_000008,ApisM_MM__10_26_2021_barcode02,3746,1,201466,21.27659574,Negative,Yard B,1547219,Lake Sinai Virus,LSV 8,Viruses, Kitrinoviricota, Nodamuvirales, Magsaviricetes,Sinhaliviridae,Sinaivirus,Lake Sinai virus
contig_Holding_UH06_000000000008,HO_UH06_000008,ApisM_MM__10_26_2021_barcode03,3746,52,191616,7428.571429,Negative,Yard B,1547219,Lake Sinai Virus,LSV 8,Viruses, Kitrinoviricota, Nodamuvirales, Magsaviricetes,Sinhaliviridae,Sinaivirus,Lake Sinai virus
contig_Holding_UH06_000000000008,HO_UH06_000008,ApisM_MM__10_26_2021_barcode04,3746,2,255725,13.33333333,Positive,Yard B,1547219,Lake Sinai Virus,LSV 8,Viruses, Kitrinoviricota, Nodamuvirales, Magsaviricetes,Sinhaliviridae,Sinaivirus,Lake Sinai virus
contig_Holding_UH06_000000000008,HO_UH06_000008,ApisM_MM__10_26_2021_barcode05,3746,0,182651,0,Positive,Yard B,1547219,Lake Sinai Virus,LSV 8,Viruses, Kitrinoviricota, Nodamuvirales, Magsaviricetes,Sinhaliviridae,Sinaivirus,Lake Sinai virus
contig_Holding_UH06_000000000008,HO_UH06_000008,ApisM_MM__10_26_2021_barcode06,3746,303,237923,2295.454545,Positive,Yard B,1547219,Lake Sinai Virus,LSV 8,Viruses, Kitrinoviricota, Nodamuvirales, Magsaviricetes,Sinhaliviridae,Sinaivirus,Lake Sinai virus
contig_Holding_UH06_000000000008,HO_UH06_000008,ApisM_MM__10_26_2021_barcode07,3746,0,192210,0,Negative,Yard A,1547219,Lake Sinai Virus,LSV 8,Viruses, Kitrinoviricota, Nodamuvirales, Magsaviricetes,Sinhaliviridae,Sinaivirus,Lake Sinai virus
contig_Holding_UH06_000000000008,HO_UH06_000008,ApisM_MM__10_26_2021_barcode08,3746,0,157150,0,Negative,Yard A,1547219,Lake Sinai Virus,LSV 8,Viruses, Kitrinoviricota, Nodamuvirales, Magsaviricetes,Sinhaliviridae,Sinaivirus,Lake Sinai virus
contig_Holding_UH06_000000000008,HO_UH06_000008,ApisM_MM__10_26_2021_barcode09,3746,0,249428,0,Negative,Yard A,1547219,Lake Sinai Virus,LSV 8,Viruses, Kitrinoviricota, Nodamuvirales, Magsaviricetes,Sinhaliviridae,Sinaivirus,Lake Sinai virus
contig_Holding_UH06_000000000008,HO_UH06_000008,ApisM_MM__10_26_2021_barcode10,3746,0,83425,0,Positive,Yard A,1547219,Lake Sinai Virus,LSV 8,Viruses, Kitrinoviricota, Nodamuvirales, Magsaviricetes,Sinhaliviridae,Sinaivirus,Lake Sinai virus
contig_Holding_UH06_000000000008,HO_UH06_000008,ApisM_MM__10_26_2021_barcode11,3746,0,304916,0,Positive,Yard A,1547219,Lake Sinai Virus,LSV 8,Viruses, Kitrinoviricota, Nodamuvirales, Magsaviricetes,Sinhaliviridae,Sinaivirus,Lake Sinai virus
contig_Holding_UH06_000000000008,HO_UH06_000008,ApisM_MM__10_26_2021_barcode12,3746,0,116487,0,Positive,Yard A,1547219,Lake Sinai Virus,LSV 8,Viruses, Kitrinoviricota, Nodamuvirales, Magsaviricetes,Sinhaliviridae,Sinaivirus,Lake Sinai virus